관리기관명,소재지도로명주소,소재지지번주소,설치목적구분,카메라대수,카메라화소수,촬영방면정보,보관일수,설치년월,관리기관전화번호,위도,경도,데이터기준일자
서울특별시 종로구청,서울특별시 종로구 경교장길 5,서울특별시 종로구 교남동 7,생활방범,3,200,카메라 전면(고정),30,2011-12,02-2148-4301,37.5673870 ,126.9658040 ,2018-02-09
서울특별시 종로구청,서울특별시 종로구 경교장길 5,서울특별시 종로구 교남동 7,생활방범,1,130,360도전방면,30,2011-12,02-2148-4301,37.5673870 ,126.9658040 ,2018-02-09
서울특별시 종로구청,서울특별시 종로구 경희궁1길 1,서울특별시 종로구 신문로2가 1-153,생활방범,1,200,카메라 전면(고정),30,2015-12,02-2148-4301,37.5706260 ,126.9719320 ,2018-02-09
서울특별시 종로구청,서울특별시 종로구 경희궁3나길 2,서울특별시 종로구 사직동 311-6,생활방범,4,200,360도전방면,30,2015-12,02-2148-4301,37.5738220 ,126.9672130 ,2018-02-09
서울특별시 종로구청,서울특별시 종로구 경희궁길 10-2,서울특별시 종로구 신문로2가 1-241,생활방범,2,200,360도전방면,30,2015-12,02-2148-4301,37.5712280 ,126.9719640 ,2018-02-09
서울특별시 종로구청,서울특별시 종로구 계동4길 19,서울특별시 종로구 계동 34-1,생활방범,1,200,카메라 전면(고정),30,2015-12,02-2148-4301,37.5824160 ,126.9879610 ,2018-02-09
서울특별시 종로구청,서울특별시 종로구 계동4길 9,서울특별시 종로구 계동 29,생활방범,2,200,360도전방면,30,2013-12,02-2148-4301,37.5822380 ,126.9873870 ,2018-02-09
서울특별시 종로구청,서울특별시 종로구 계동길 69,서울특별시 종로구 계동 79-7,생활방범,2,200,360도전방면,30,2013-12,02-2148-4301,37.5804210 ,126.9867470 ,2018-02-09
서울특별시 종로구청,서울특별시 종로구 김상옥로 42-1,서울특별시 종로구 효제동 295,생활방범,2,200,360도전방면,30,2013-12,02-2148-4301,37.5732550 ,127.0022178 ,2018-02-09
서울특별시 종로구청,서울특별시 종로구 김상옥로 51,서울특별시 종로구 효제동 115-1,생활방범,2,200,360도전방면,30,2011-04,02-2148-4301,37.5733468 ,127.0034810 ,2018-02-09
서울특별시 종로구청,서울특별시 종로구 김상옥로 51,서울특별시 종로구 효제동 115-1,생활방범,1,41,카메라 전면(고정),30,2011-04,02-2148-4301,37.5733468 ,127.0034810 ,2018-02-09
서울특별시 종로구청,서울특별시 종로구 김상옥로 54,서울특별시 종로구 효제동 273,교통단속,1,200,360도전방면,30,2005-05,02-2148-4301,37.5733690 ,127.0035880 ,2018-02-09
서울특별시 종로구청,서울특별시 종로구 김상옥로 71,서울특별시 종로구 충신동 179-10,교통단속,1,200,360도전방면,30,2005-05,02-2148-4301,37.5736510 ,127.0057020 ,2018-02-09
서울특별시 종로구청,서울특별시 종로구 낙산3길 27,서울특별시 종로구 동숭동 201-33,생활방범,2,200,360도전방면,30,2015-12,02-2148-4301,37.5793810 ,127.0063460 ,2018-02-09
서울특별시 종로구청,서울특별시 종로구 낙산4길 24,,다목적,1,200,360도전방면,30,2014-10,02-2148-4301,37.5787890 ,127.0071790 ,2018-02-09
서울특별시 종로구청,서울특별시 종로구 낙산5길 33,,다목적,1,200,360도전방면,30,2014-10,02-2148-4301,37.5788360 ,127.0108980 ,2018-02-09
서울특별시 종로구청,서울특별시 종로구 낙산길,서울특별시 종로구 창신동 611-36,생활방범,3,200,360도전방면,30,2016-12,02-2148-4301,37.5802340 ,127.0104820 ,2018-02-09
서울특별시 종로구청,서울특별시 종로구 낙산길 250,,다목적,1,200,360도전방면,30,2014-10,02-2148-4301,37.5813380 ,127.0131390 ,2018-02-09
서울특별시 종로구청,서울특별시 종로구 낙산길 250,,다목적,1,200,360도전방면,30,2014-10,02-2148-4301,37.5821722 ,127.0146500 ,2018-02-09
서울특별시 종로구청,서울특별시 종로구 낙산성곽동길 18-1,서울특별시 종로구 창신동 640-163,생활방범,2,200,360도전방면,30,2013-12,02-2148-4301,37.5741370 ,127.0092860 ,2018-02-09
서울특별시 종로구청,서울특별시 종로구 낙산성곽동길 72,서울특별시 종로구 창신동 618-1,생활방범,3,200,360도전방면,30,2013-02,02-2148-4301,37.5787810 ,127.0086710 ,2018-02-09
서울특별시 종로구청,서울특별시 종로구 낙산성곽서1길 17,서울특별시 종로구 이화동 9-498,생활방범,3,200,360도전방면,30,2013-12,02-2148-4301,37.5777330 ,127.0080510 ,2018-02-09
서울특별시 종로구청,서울특별시 종로구 낙산성곽서길 5,서울특별시 종로구 종로6가 12-6,생활방범,3,200,360도전방면,30,2017-09,02-2148-4301,37.5731020 ,127.0078610 ,2018-02-09
서울특별시 종로구청,서울특별시 종로구 낙산성곽서길 63,서울특별시 종로구 충신동 1-211,생활방범,2,200,360도전방면,30,2013-12,02-2148-4301,37.5752800 ,127.0085970 ,2018-02-09
서울특별시 종로구청,서울특별시 종로구 난계로25길 68,서울특별시 종로구 숭인동 232-15,생활방범,4,200,360도전방면,30,2014-12,02-2148-4301,37.5719000 ,127.0193330 ,2018-02-09
서울특별시 종로구청,서울특별시 종로구 난계로29길 49,서울특별시 종로구 숭인동 201-18,생활방범,3,200,360도전방면,30,2013-12,02-2148-4301,37.5737980 ,127.0203950 ,2018-02-09
서울특별시 종로구청,서울특별시 종로구 대명1길 25,서울특별시 종로구 명륜4가 85-9,생활방범,2,200,360도전방면,30,2013-12,02-2148-4301,37.5825218 ,127.0007633 ,2018-02-09
서울특별시 종로구청,서울특별시 종로구 대명길 3,서울특별시 종로구 명륜4가 1,교통단속,1,41,360도전방면,30,2003-07,02-2148-4301,37.5834400 ,127.0014990 ,2018-02-09
서울특별시 종로구청,서울특별시 종로구 대명길 4,서울특별시 종로구 명륜2가 24-4,생활방범,2,200,360도전방면,30,2013-12,02-2148-4301,37.5836727 ,127.0013991 ,2018-02-09
서울특별시 종로구청,서울특별시 종로구 대학로 103,서울특별시 종로구 연건동 28-2,생활방범,2,200,360도전방면,30,2013-12,02-2148-4301,37.5804210 ,127.0019520 ,2018-02-09
서울특별시 종로구청,서울특별시 종로구 대학로 120,서울특별시 종로구 동숭동 1-27,생활방범,2,200,360도전방면,30,2013-12,02-2148-4301,37.5817930 ,127.0024100 ,2018-02-09
서울특별시 종로구청,서울특별시 종로구 대학로 120,서울특별시 종로구 동숭동 1-27,교통단속,1,41,360도전방면,30,2003-07,02-2148-4301,37.5818650 ,127.0021580 ,2018-02-09
서울특별시 종로구청,서울특별시 종로구 대학로 156,서울특별시 종로구 혜화동 90-7,교통단속,1,200,360도전방면,30,2013-06,02-2148-4301,37.5853610 ,127.0016620 ,2018-02-09
서울특별시 종로구청,서울특별시 종로구 대학로 16,서울특별시 종로구 효제동 312-1,생활방범,2,200,360도전방면,30,2013-12,02-2148-4301,37.5723690 ,127.0020980 ,2018-02-09
서울특별시 종로구청,서울특별시 종로구 대학로 60,서울특별시 종로구 연건동 178-1,생활방범,2,200,360도전방면,30,2011-04,02-2148-4301,37.5767695 ,127.0026192 ,2018-02-09
서울특별시 종로구청,서울특별시 종로구 대학로 60,서울특별시 종로구 연건동 178-1,생활방범,1,41,카메라 전면(고정),30,2011-04,02-2148-4301,37.5767695 ,127.0026192 ,2018-02-09
서울특별시 종로구청,서울특별시 종로구 대학로 64,서울특별시 종로구 이화동 149,교통단속,1,200,360도전방면,30,2003-07,02-2148-4301,37.5768840 ,127.0024350 ,2018-02-09
서울특별시 종로구청,서울특별시 종로구 대학로 93,서울특별시 종로구 연건동 32-2,교통단속,1,200,360도전방면,30,2003-07,02-2148-4301,37.5796130 ,127.0019910 ,2018-02-09
서울특별시 종로구청,서울특별시 종로구 대학로 95,서울특별시 종로구 연건동 28-2,생활방범,2,200,360도전방면,30,2013-12,02-2148-4301,37.5797540 ,127.0019900 ,2018-02-09
서울특별시 종로구청,서울특별시 종로구 대학로10길 11,서울특별시 종로구 동숭동 1-61,교통단속,1,41,360도전방면,30,2004-07,02-2148-4301,37.5817768 ,127.0029320 ,2018-02-09
서울특별시 종로구청,서울특별시 종로구 대학로10길 17,서울특별시 종로구 동숭동 1-67,교통단속,1,41,360도전방면,30,2004-07,02-2148-4301,37.5817767 ,127.0033880 ,2018-02-09
서울특별시 종로구청,서울특별시 종로구 대학로11길 27,서울특별시 종로구 명륜4가 80-1,다목적,2,200,360도전방면,30,2013-02,02-2148-4301,37.5820976 ,127.0000597 ,2018-02-09
서울특별시 종로구청,서울특별시 종로구 대학로11길 27,서울특별시 종로구 명륜4가 80-1,다목적,2,130,카메라 전면(고정),30,2013-02,02-2148-4301,37.5820976 ,127.0000597 ,2018-02-09
서울특별시 종로구청,서울특별시 종로구 대학로14길 17,서울특별시 종로구 혜화동 163-33,생활방범,3,200,360도전방면,30,2014-12,02-2148-4301,37.5841090 ,127.0025740 ,2018-02-09
서울특별시 종로구청,서울특별시 종로구 대학로3길 17,서울특별시 종로구 연지동 136-92 (연지1상상어린이공원),생활방범,1,200,360도전방면,30,2014-08,02-2148-4301,37.5741600 ,127.0009680 ,2018-02-09
서울특별시 종로구청,서울특별시 종로구 대학로3길 9,,다목적,1,200,360도전방면,30,2014-10,02-2148-4301,37.5741440 ,127.0012460 ,2018-02-09
서울특별시 종로구청,서울특별시 종로구 대학로5길 16,서울특별시 종로구 연건동 93-13,생활방범,3,200,360도전방면,30,2013-12,02-2148-4301,37.5785406 ,127.0011013 ,2018-02-09
서울특별시 종로구청,서울특별시 종로구 대학로7길 18,서울특별시 종로구 연건동 50-6,생활방범,3,200,360도전방면,30,2013-12,02-2148-4301,37.5792401 ,127.0010345 ,2018-02-09
서울특별시 종로구청,서울특별시 종로구 대학로8가길 36,서울특별시 종로구 동숭동 1-57,교통단속,1,41,360도전방면,30,2004-07,02-2148-4301,37.5825970 ,127.0023310 ,2018-02-09
서울특별시 종로구청,서울특별시 종로구 대학로8길 7,서울특별시 종로구 동숭동 1-111,교통단속,1,41,360도전방면,30,2004-07,02-2148-4301,37.5808460 ,127.0033480 ,2018-02-09
서울특별시 종로구청,서울특별시 종로구 돈화문로 36-1,서울특별시 종로구 묘동 70-1,교통단속,1,200,360도전방면,30,2005-04,02-2148-4301,37.5717240 ,126.9919080 ,2018-02-09
서울특별시 종로구청,서울특별시 종로구 돈화문로 56-1,서울특별시 종로구 묘동 121,교통단속,1,200,360도전방면,30,2005-04,02-2148-4301,37.5735160 ,126.9913290 ,2018-02-09
서울특별시 종로구청,서울특별시 종로구 돈화문로 9,서울특별시 종로구 관수동 68,교통단속,3,200,360도전방면,30,2007-12,02-2148-4301,37.5693620 ,126.9921480 ,2018-02-09
서울특별시 종로구청,서울특별시 종로구 돈화문로11다길 44,서울특별시 종로구 익선동 166-61,생활방범,2,200,360도전방면,30,2013-12,02-2148-4301,37.5737350 ,126.9897710 ,2018-02-09
서울특별시 종로구청,서울특별시 종로구 돈화문로2길 16,서울특별시 종로구 장사동 212,생활방범,2,200,360도전방면,30,2013-12,02-2148-4301,37.5693100 ,126.9932920 ,2018-02-09
서울특별시 종로구청,서울특별시 종로구 돈화문로5가길 1,서울특별시 종로구 돈의동 137,생활방범,3,200,360도전방면,30,2016-12,02-2148-4301,37.5708390 ,126.9916980 ,2018-02-09
서울특별시 종로구청,서울특별시 종로구 돈화문로6나길 13,서울특별시 종로구 봉익동 149,생활방범,2,200,360도전방면,30,2013-12,02-2148-4301,37.5714530 ,126.9933040 ,2018-02-09
서울특별시 종로구청,서울특별시 종로구 돈화문로9가길 5-6,서울특별시 종로구 돈의동 103-86,생활방범,3,200,360도전방면,30,2013-12,02-2148-4301,37.5720090 ,126.9905300 ,2018-02-09
서울특별시 종로구청,서울특별시 종로구 돈화문로9길 10-4,서울특별시 종로구 돈의동 103-118,생활방범,2,200,360도전방면,30,2013-12,02-2148-4301,37.5719890 ,126.9909910 ,2018-02-09
서울특별시 종로구청,서울특별시 종로구 돈화문로9길 26,서울특별시 종로구 돈의동 78,생활방범,3,200,360도전방면,30,2013-12,02-2148-4301,37.5717116 ,126.9905308 ,2018-02-09
서울특별시 종로구청,서울특별시 종로구 동망산1길 13,서울특별시 종로구 숭인동 32-26,생활방범,3,200,360도전방면,30,2015-12,02-2148-4301,37.5789750 ,127.0177010 ,2018-02-09
서울특별시 종로구청,서울특별시 종로구 동망산길 130,서울특별시 종로구 숭인동 58-59 (숭인공원 유아숲체험원),생활방범,1,200,360도전방면,30,2017-04,02-2148-4301,37.5773510 ,127.0180730 ,2018-02-09
서울특별시 종로구청,서울특별시 종로구 동망산길 130,서울특별시 종로구 숭인동 58-70 (숭인공원 유아숲체험원),생활방범,1,200,360도전방면,30,2017-04,02-2148-4301,37.5772030 ,127.0177960 ,2018-02-09
서울특별시 종로구청,서울특별시 종로구 동망산길 150,서울특별시 종로구 숭인동 58-228 (숭인공원),생활방범,1,41,360도전방면,30,2012-08,02-2148-4301,37.5781010 ,127.0177510 ,2018-02-09
서울특별시 종로구청,서울특별시 종로구 동망산길 150,서울특별시 종로구 숭인동 58-228 (숭인공원),생활방범,1,41,360도전방면,30,2012-08,02-2148-4301,37.5769500 ,127.0183810 ,2018-02-09
서울특별시 종로구청,서울특별시 종로구 동망산길 150,서울특별시 종로구 숭인동 58-228 (숭인공원),생활방범,1,200,360도전방면,30,2012-08,02-2148-4301,37.5755130 ,127.0184200 ,2018-02-09
서울특별시 종로구청,서울특별시 종로구 동망산길 150 (숭인공원 동망정 주변),,생활방범,1,200,360도전방면,30,2013-12,02-2148-4301,37.5756640 ,127.0181350 ,2018-02-09
서울특별시 종로구청,서울특별시 종로구 동망산길 66-1,,다목적,1,200,360도전방면,30,2014-10,02-2148-4301,37.5797080 ,127.0170960 ,2018-02-09
서울특별시 종로구청,서울특별시 종로구 동순라길 78-3,서울특별시 종로구 원남동 265,생활방범,3,200,360도전방면,30,2015-12,02-2148-4301,37.5740790 ,126.9963550 ,2018-02-09
서울특별시 종로구청,서울특별시 종로구 동숭3길 40,서울특별시 종로구 동숭동 25-1,생활방범,2,200,360도전방면,30,2013-12,02-2148-4301,37.5827787 ,127.0046543 ,2018-02-09
서울특별시 종로구청,서울특별시 종로구 동숭4가길 7,서울특별시 종로구 동숭동 2-22,생활방범,3,200,360도전방면,30,2013-12,02-2148-4301,37.5835980 ,127.0040930 ,2018-02-09
서울특별시 종로구청,서울특별시 종로구 동숭4길 17,서울특별시 종로구 동숭동 10,생활방범,2,200,360도전방면,30,2015-12,02-2148-4301,37.5835200 ,127.0046440 ,2018-02-09
서울특별시 종로구청,서울특별시 종로구 동숭4나길 12,서울특별시 종로구 동숭동 2-43 (백동어린이놀이터),생활방범,1,200,360도전방면,30,2015-06,02-2148-4301,37.5830610 ,127.0048540 ,2018-02-09
서울특별시 종로구청,서울특별시 종로구 동숭4나길 29,서울특별시 종로구 동숭동 6-31,생활방범,2,200,360도전방면,30,2013-12,02-2148-4301,37.5832490 ,127.0058630 ,2018-02-09
서울특별시 종로구청,서울특별시 종로구 동숭4라길 9,서울특별시 종로구 동숭동 4-69,생활방범,3,200,360도전방면,30,2014-12,02-2148-4301,37.5840290 ,127.0058040 ,2018-02-09
서울특별시 종로구청,서울특별시 종로구 동숭길 101,서울특별시 종로구 동숭동 1-83,생활방범,1,200,360도전방면,30,2013-02,02-2148-4301,37.5826840 ,127.0039087 ,2018-02-09
서울특별시 종로구청,서울특별시 종로구 동숭길 101,서울특별시 종로구 동숭동 1-83,생활방범,1,130,카메라 전면(고정),30,2013-02,02-2148-4301,37.5826840 ,127.0039087 ,2018-02-09
서울특별시 종로구청,서울특별시 종로구 동숭길 29,서울특별시 종로구 동숭동 1-141,생활방범,2,200,360도전방면,30,2013-12,02-2148-4301,37.5798665 ,127.0038854 ,2018-02-09
서울특별시 종로구청,서울특별시 종로구 명륜10길 27,서울특별시 종로구 명륜3가 1-915,생활방범,2,200,360도전방면,30,2013-12,02-2148-4301,37.5903220 ,126.9923400 ,2018-02-09
서울특별시 종로구청,서울특별시 종로구 명륜2길 9-2,서울특별시 종로구 명륜3가 1-180,생활방범,2,200,360도전방면,30,2013-12,02-2148-4301,37.5890410 ,126.9956010 ,2018-02-09
서울특별시 종로구청,서울특별시 종로구 명륜3길 10,서울특별시 종로구 명륜3가 1-28,생활방범,3,200,360도전방면,30,2015-12,02-2148-4301,37.5888880 ,126.9942020 ,2018-02-09
서울특별시 종로구청,서울특별시 종로구 명륜3길 41,서울특별시 종로구 명륜3가 1-236,생활방범,3,200,360도전방면,30,2017-09,02-2148-4301,37.5896950 ,126.9929700 ,2018-02-09
서울특별시 종로구청,서울특별시 종로구 명륜3길 49-11,서울특별시 종로구 명륜3가 1-240,생활방범,3,200,360도전방면,30,2017-09,02-2148-4301,37.5895420 ,126.9922550 ,2018-02-09
서울특별시 종로구청,서울특별시 종로구 명륜3길 49-4,서울특별시 종로구 명륜3가 1-871,생활방범,3,200,360도전방면,30,2017-09,02-2148-4301,37.5897440 ,126.9925540 ,2018-02-09
서울특별시 종로구청,서울특별시 종로구 명륜4길 3,서울특별시 종로구 명륜3가 1-143,생활방범,2,200,360도전방면,30,2013-12,02-2148-4301,37.5893900 ,126.9948210 ,2018-02-09
서울특별시 종로구청,서울특별시 종로구 명륜6길 8-2,서울특별시 종로구 명륜3가 산2-8,생활방범,3,200,360도전방면,30,2016-12,02-2148-4301,37.5900780 ,126.9930820 ,2018-02-09
서울특별시 종로구청,서울특별시 종로구 명륜7길 1,서울특별시 종로구 명륜3가 1-1040,생활방범,2,200,360도전방면,30,2013-12,02-2148-4301,37.5903950 ,126.9933020 ,2018-02-09
서울특별시 종로구청,서울특별시 종로구 명륜7길 14,서울특별시 종로구 명륜3가 1-984,생활방범,3,200,360도전방면,30,2017-09,02-2148-4301,37.5904580 ,126.9938720 ,2018-02-09
서울특별시 종로구청,서울특별시 종로구 명륜7길 26,서울특별시 종로구 명륜3가 1-962,생활방범,2,200,360도전방면,30,2013-12,02-2148-4301,37.5903814 ,126.9944252 ,2018-02-09
서울특별시 종로구청,서울특별시 종로구 명륜7길 36,서울특별시 종로구 명륜3가 1-907,생활방범,3,200,360도전방면,30,2017-09,02-2148-4301,37.5902830 ,126.9948350 ,2018-02-09
서울특별시 종로구청,서울특별시 종로구 명륜7길 40,서울특별시 종로구 명륜3가 1-907,생활방범,1,200,360도전방면,30,2017-09,02-2148-4301,37.5903600 ,126.9950730 ,2018-02-09
서울특별시 종로구청,서울특별시 종로구 명륜7길 55,서울특별시 종로구 명륜3가 1-883,생활방범,2,200,360도전방면,30,2013-12,02-2148-4301,37.5908090 ,126.9958030 ,2018-02-09
서울특별시 종로구청,서울특별시 종로구 명륜9길 22,서울특별시 종로구 명륜3가 1-1005,생활방범,2,200,360도전방면,30,2017-09,02-2148-4301,37.5910810 ,126.9940250 ,2018-02-09
서울특별시 종로구청,서울특별시 종로구 명륜9길 3-2,서울특별시 종로구 명륜9길 3-2,생활방범,2,200,360도전방면,30,2013-12,02-2148-4301,37.5911070 ,126.9932540 ,2018-02-09
서울특별시 종로구청,서울특별시 종로구 명륜길 2,서울특별시 종로구 명륜1가 15,생활방범,4,200,360도전방면,30,2014-12,02-2148-4301,37.5877970 ,126.9966150 ,2018-02-09
서울특별시 종로구청,서울특별시 종로구 명륜길 45-23,서울특별시 종로구 명륜3가 1-165,생활방범,3,200,360도전방면,30,2013-12,02-2148-4301,37.5894593 ,126.9934740 ,2018-02-09
서울특별시 종로구청,서울특별시 종로구 무교로 37,서울특별시 종로구 서린동 146,생활방범,2,200,360도전방면,30,2013-12,02-2148-4301,37.5693650 ,126.9791910 ,2018-02-09
서울특별시 종로구청,서울특별시 종로구 백석동1길 2,서울특별시 종로구 부암동 46-1,생활방범,3,200,360도전방면,30,2013-12,02-2148-4301,37.5942485 ,126.9682826 ,2018-02-09
서울특별시 종로구청,서울특별시 종로구 백석동2길 35-1,서울특별시 종로구 부암동 61,생활방범,3,200,360도전방면,30,2016-12,02-2148-4301,37.5985610 ,126.9703090 ,2018-02-09
서울특별시 종로구청,서울특별시 종로구 백석동3길 20,서울특별시 종로구 부암동 95-53,생활방범,2,200,카메라 전면(고정),30,2013-12,02-2148-4301,37.5969290 ,126.9668120 ,2018-02-09
서울특별시 종로구청,서울특별시 종로구 백석동3길 29,서울특별시 종로구 부암동 95-10,생활방범,2,200,360도전방면,30,2013-12,02-2148-4301,37.5972455 ,126.9674441 ,2018-02-09
서울특별시 종로구청,서울특별시 종로구 백석동길 11,서울특별시 종로구 부암동 237-26,교통단속,1,200,360도전방면,30,2009-11,02-2148-4301,37.5931063 ,126.9656727 ,2018-02-09
서울특별시 종로구청,서울특별시 종로구 백석동길 20-3,서울특별시 종로구 부암동 48-35,생활방범,3,200,360도전방면,30,2017-09,02-2148-4301,37.5932070 ,126.9665450 ,2018-02-09
서울특별시 종로구청,서울특별시 종로구 백석동길 232,서울특별시 종로구 부암동 91,생활방범,2,200,360도전방면,30,2013-12,02-2148-4301,37.5980517 ,126.9670704 ,2018-02-09
서울특별시 종로구청,서울특별시 종로구 백석동길 259,서울특별시 종로구 부암동 151,생활방범,3,200,360도전방면,30,2015-12,02-2148-4301,37.5972770 ,126.9662330 ,2018-02-09
서울특별시 종로구청,서울특별시 종로구 백석동길 40,서울특별시 종로구 부암동 48-4,생활방범,3,200,360도전방면,30,2017-09,02-2148-4301,37.5939330 ,126.9667830 ,2018-02-09
서울특별시 종로구청,서울특별시 종로구 백석동길 75,서울특별시 종로구 부암동 29-12,생활방범,3,200,360도전방면,30,2017-09,02-2148-4301,37.5941730 ,126.9686690 ,2018-02-09
서울특별시 종로구청,서울특별시 종로구 보문로 3,서울특별시 종로구 숭인동 1248,생활방범,3,200,360도전방면,30,2013-12,02-2148-4301,37.5759281 ,127.0229556 ,2018-02-09
서울특별시 종로구청,서울특별시 종로구 보문로3길 11,서울특별시 종로구 숭인동 1147,생활방범,3,200,360도전방면,30,2015-12,02-2148-4301,37.5765710 ,127.0226960 ,2018-02-09
서울특별시 종로구청,서울특별시 종로구 보문로7길 6,서울특별시 종로구 숭인동 350,생활방범,3,200,360도전방면,30,2013-12,02-2148-4301,37.5776780 ,127.0227100 ,2018-02-09
서울특별시 종로구청,서울특별시 종로구 보문로9길 3-6,서울특별시 종로구 숭인동 386,생활방범,3,200,360도전방면,30,2013-12,02-2148-4301,37.5781899 ,127.0225795 ,2018-02-09
서울특별시 종로구청,서울특별시 종로구 북악산로 267,서울특별시 종로구 평창동 산6-17 (북악산 팔각정),생활방범,1,130,360도전방면,30,2012-08,02-2148-4301,37.6018450 ,126.9811540 ,2018-02-09
서울특별시 종로구청,서울특별시 종로구 북악산로 267,서울특별시 종로구 평창동 산 6-17,교통단속,1,200,360도전방면,30,2013-08,02-2148-4301,37.6019610 ,126.9816500 ,2018-02-09
서울특별시 종로구청,서울특별시 종로구 북촌로 127,서울특별시 종로구 삼청동 28-6,교통단속,1,200,360도전방면,30,2012-07,02-2148-4301,37.5868250 ,126.9835240 ,2018-02-09
서울특별시 종로구청,서울특별시 종로구 북촌로 134-3,서울특별시 종로구 삼청동 산2-1 (삼청공원 놀이터),생활방범,1,200,360도전방면,30,2014-08,02-2148-4301,37.5885690 ,126.9840830 ,2018-02-09
서울특별시 종로구청,서울특별시 종로구 북촌로 134-3,서울특별시 종로구 삼청동 산2-1 (삼청공원 물의 숲),생활방범,1,200,360도전방면,30,2014-08,02-2148-4301,37.5889120 ,126.9848740 ,2018-02-09
서울특별시 종로구청,서울특별시 종로구 북촌로 134-3,서울특별시 종로구 삼청동 산2-1 (삼청공원 숲 체험장),생활방범,1,200,360도전방면,30,2014-08,02-2148-4301,37.5894550 ,126.9856690 ,2018-02-09
서울특별시 종로구청,서울특별시 종로구 북촌로 4길 27,,다목적,1,200,360도전방면,30,2014-10,02-2148-4301,37.5793660 ,126.9866660 ,2018-02-09
서울특별시 종로구청,서울특별시 종로구 북촌로11길 33,서울특별시 종로구 가회동 33-13,생활방범,2,200,360도전방면,30,2013-12,02-2148-4301,37.5823270 ,126.9835540 ,2018-02-09
서울특별시 종로구청,서울특별시 종로구 북촌로11길 5,서울특별시 종로구 가회동 60,생활방범,3,200,360도전방면,30,2013-12,02-2148-4301,37.5814443 ,126.9846659 ,2018-02-09
서울특별시 종로구청,서울특별시 종로구 북촌로11길 74,서울특별시 종로구 삼청동 35-119,생활방범,3,200,360도전방면,30,2013-12,02-2148-4301,37.5839378 ,126.9832846 ,2018-02-09
서울특별시 종로구청,서울특별시 종로구 북촌로11나길 26,서울특별시 종로구 삼청동 35-169,생활방범,2,200,360도전방면,30,2013-12,02-2148-4301,37.5821066 ,126.9821919 ,2018-02-09
서울특별시 종로구청,서울특별시 종로구 북촌로11다길 30,서울특별시 종로구 삼청동 35-63,생활방범,3,200,360도전방면,30,2013-12,02-2148-4301,37.5834412 ,126.9825954 ,2018-02-09
서울특별시 종로구청,서울특별시 종로구 북촌로15길 23-5,서울특별시 종로구 삼청동 28-7,교통단속,1,200,360도전방면,30,2013-12,02-2148-4301,37.5859190 ,126.9837170 ,2018-02-09
서울특별시 종로구청,서울특별시 종로구 북촌로15길 27,서울특별시 종로구 삼청동 158-18,생활방범,2,200,360도전방면,30,2013-12,02-2148-4301,37.5856350 ,126.9838750 ,2018-02-09
서울특별시 종로구청,서울특별시 종로구 북촌로1길 28,서울특별시 종로구 안국동 75-5,생활방범,3,200,360도전방면,30,2014-12,02-2148-4301,37.5772561 ,126.9840810 ,2018-02-09
서울특별시 종로구청,서울특별시 종로구 북촌로4길 7,서울특별시 종로구 가회동 210,교통단속,4,200,360도전방면,30,2007-12,02-2148-4301,37.5791790 ,126.9854210 ,2018-02-09
서울특별시 종로구청,서울특별시 종로구 북촌로5가길 12-19,서울특별시 종로구 화동 87-2,생활방범,1,41,카메라 전면(고정),30,2011-04,02-2148-4301,37.5805912 ,126.9822047 ,2018-02-09
서울특별시 종로구청,서울특별시 종로구 북촌로5나길 11,서울특별시 종로구 화동 25-1,생활방범,2,200,360도전방면,30,2013-12,02-2148-4301,37.5811040 ,126.9821830 ,2018-02-09
서울특별시 종로구청,서울특별시 종로구 북촌로6길 1,,다목적,1,200,360도전방면,30,2014-10,02-2148-4301,37.5800550 ,126.9850930 ,2018-02-09
서울특별시 종로구청,서울특별시 종로구 북촌로6길 13-2,서울특별시 종로구 가회동 192,생활방범,3,200,360도전방면,30,2014-12,02-2148-4301,37.5802588 ,126.9857223 ,2018-02-09
서울특별시 종로구청,서울특별시 종로구 비봉2길 32,서울특별시 종로구 구기동 138-1,생활방범,3,200,360도전방면,30,2015-12,02-2148-4301,37.6124960 ,126.9589170 ,2018-02-09
서울특별시 종로구청,서울특별시 종로구 비봉길 15,서울특별시 종로구 구기동 150,생활방범,4,200,360도전방면,30,2013-12,02-2148-4301,37.6099180 ,126.9565090 ,2018-02-09
서울특별시 종로구청,서울특별시 종로구 비봉길 23(비봉주차장 입구 건너편),,다목적,1,200,360도전방면,30,2015-08,02-2148-4301,37.6115460 ,126.9563400 ,2018-02-09
서울특별시 종로구청,서울특별시 종로구 비봉길 48,서울특별시 종로구 구기동 139-11,생활방범,3,200,360도전방면,30,2013-12,02-2148-4301,37.6131269 ,126.9558748 ,2018-02-09
서울특별시 종로구청,서울특별시 종로구 사직로 73,서울특별시 종로구 사직동 228,교통단속,1,200,360도전방면,30,2013-08,02-2148-4301,37.5749070 ,126.9677220 ,2018-02-09
서울특별시 종로구청,서울특별시 종로구 사직로 95,서울특별시 종로구 필운동 142,교통단속,1,200,360도전방면,30,2005-04,02-2148-4301,37.5762232 ,126.9693121 ,2018-02-09
서울특별시 종로구청,서울특별시 종로구 사직로1가길 10,서울특별시 종로구 행촌동 1-83,생활방범,1,200,360도전방면,30,2013-02,02-2148-4301,37.5732944 ,126.9633656 ,2018-02-09
서울특별시 종로구청,서울특별시 종로구 사직로1가길 10,서울특별시 종로구 행촌동 1-83,생활방범,2,130,카메라 전면(고정),30,2013-02,02-2148-4301,37.5732944 ,126.9633656 ,2018-02-09
서울특별시 종로구청,서울특별시 종로구 사직로1길 12,서울특별시 종로구 행촌동 171-42,생활방범,3,200,360도전방면,30,2013-12,02-2148-4301,37.5728960 ,126.9625460 ,2018-02-09
서울특별시 종로구청,서울특별시 종로구 사직로1길 22-13,서울특별시 종로구 행촌동 171-94,생활방범,3,200,360도전방면,30,2017-09,02-2148-4301,37.5734050 ,126.9629510 ,2018-02-09
서울특별시 종로구청,서울특별시 종로구 사직로1길 47,서울특별시 종로구 행촌동 210-196,생활방범,4,200,360도전방면,30,2014-12,02-2148-4301,37.5741930 ,126.9618320 ,2018-02-09
서울특별시 종로구청,서울특별시 종로구 사직로1나길 43,서울특별시 종로구 행촌동 210-67,생활방범,3,200,360도전방면,30,2013-12,02-2148-4301,37.5751020 ,126.9629290 ,2018-02-09
서울특별시 종로구청,서울특별시 종로구 사직로1다길 11,서울특별시 종로구 행촌동 210-333,생활방범,1,200,카메라 전면(고정),30,2017-09,02-2148-4301,37.5742150 ,126.9628710 ,2018-02-09
서울특별시 종로구청,서울특별시 종로구 사직로1다길 2,서울특별시 종로구 행촌동 171-112,생활방범,4,200,360도전방면,30,2013-12,02-2148-4301,37.5737506 ,126.9625347 ,2018-02-09
서울특별시 종로구청,서울특별시 종로구 사직로1라길 30,서울특별시 종로구 행촌동 210-488,생활방범,2,200,360도전방면,30,2013-12,02-2148-4301,37.5751794 ,126.9624265 ,2018-02-09
서울특별시 종로구청,서울특별시 종로구 사직로1마길 2-6,서울특별시 종로구 행촌동 210-174,생활방범,4,200,360도전방면,30,2015-12,02-2148-4301,37.5742480 ,126.9627360 ,2018-02-09
서울특별시 종로구청,서울특별시 종로구 사직로2길 8,서울특별시 종로구 행촌동 1-146,생활방범,3,200,360도전방면,30,2013-12,02-2148-4301,37.5726690 ,126.9642260 ,2018-02-09
서울특별시 종로구청,서울특별시 종로구 사직로5길 29,서울특별시 종로구 사직동 287,생활방범,2,200,360도전방면,30,2013-12,02-2148-4301,37.5743985 ,126.9651299 ,2018-02-09
서울특별시 종로구청,서울특별시 종로구 사직로5길 36,서울특별시 종로구 사직동 284,생활방범,3,200,360도전방면,30,2016-12,02-2148-4301,37.5739930 ,126.9650400 ,2018-02-09
서울특별시 종로구청,서울특별시 종로구 사직로5길 9-1,서울특별시 종로구 사직동 280-1,생활방범,2,200,360도전방면,30,2013-12,02-2148-4301,37.5743350 ,126.9656370 ,2018-02-09
서울특별시 종로구청,서울특별시 종로구 사직로8길 13(세종유치원),서울특별시 종로구 내자동 169,다목적,1,200,360도전방면,30,2016-06,02-2148-4301,37.5749360 ,126.9702380 ,2018-02-09
서울특별시 종로구청,서울특별시 종로구 사직로8길 31,서울특별시 종로구 내자동 201-11,교통단속,1,41,360도전방면,30,2007-12,02-2148-4301,37.5744130 ,126.9715760 ,2018-02-09
서울특별시 종로구청,서울특별시 종로구 사직로8길 4,서울특별시 종로구 사직동 9,교통단속,1,130,360도전방면,30,2010-07,02-2148-4301,37.5747507 ,126.9701775 ,2018-02-09
서울특별시 종로구청,서울특별시 종로구 사직로9길 15-25,서울특별시 종로구 사직동 262-197,생활방범,3,200,360도전방면,30,2016-12,02-2148-4301,37.5765510 ,126.9656790 ,2018-02-09
서울특별시 종로구청,서울특별시 종로구 사직로9길 15-32 (사직공원 경로당 주변),,생활방범,1,200,360도전방면,30,2013-12,02-2148-4301,37.5766180 ,126.9655800 ,2018-02-09
서울특별시 종로구청,서울특별시 종로구 사직로9길 16-1(매동초교 정문 인근),,다목적,1,200,360도전방면,30,2015-08,02-2148-4301,37.5769200 ,126.9678440 ,2018-02-09
서울특별시 종로구청,서울특별시 종로구 삼봉로 78-1,서울특별시 종로구 청진동 45-2,교통단속,1,200,360도전방면,30,2007-12,02-2148-4301,37.5721355 ,126.9815198 ,2018-02-09
서울특별시 종로구청,서울특별시 종로구 삼일대로 445,서울특별시 종로구 경운동 63-10,교통단속,1,200,360도전방면,30,2005-04,02-2148-4301,37.5742010 ,126.9870480 ,2018-02-09
서울특별시 종로구청,서울특별시 종로구 삼일대로 446,,다목적,1,200,360도전방면,30,2014-10,02-2148-4301,37.5751961 ,126.9870281 ,2018-02-09
서울특별시 종로구청,서울특별시 종로구 삼일대로 457,서울특별시 종로구 경운동 88,교통단속,1,200,360도전방면,30,2005-04,02-2148-4301,37.5753990 ,126.9865080 ,2018-02-09
서울특별시 종로구청,서울특별시 종로구 삼일대로30길 14,서울특별시 종로구 낙원동 58-9,생활방범,3,200,360도전방면,30,2013-12,02-2148-4301,37.5740062 ,126.9886005 ,2018-02-09
서울특별시 종로구청,서울특별시 종로구 삼일대로32길 36,서울특별시 종로구 익선동 18-2,생활방범,3,200,360도전방면,30,2013-12,02-2148-4301,37.5754950 ,126.9891980 ,2018-02-09
서울특별시 종로구청,서울특별시 종로구 삼청로9길 45,서울특별시 종로구 삼청동 5,생활방범,2,200,360도전방면,30,2013-12,02-2148-4301,37.5882460 ,126.9809400 ,2018-02-09
서울특별시 종로구청,서울특별시 종로구 새문안로 105,서울특별시 종로구 세종로 204-1,생활방범,3,200,360도전방면,30,2013-12,02-2148-4301,37.5705079 ,126.9763061 ,2018-02-09
서울특별시 종로구청,서울특별시 종로구 새문안로 55 (경희궁공원 쉼터),,생활방범,1,200,360도전방면,30,2013-12,02-2148-4301,37.5701440 ,126.9696300 ,2018-02-09
서울특별시 종로구청,서울특별시 종로구 새문안로 92,서울특별시 종로구 신문로1가 163,교통단속,1,200,360도전방면,30,2011-12,02-2148-4301,37.5695180 ,126.9744710 ,2018-02-09
서울특별시 종로구청,서울특별시 종로구 새문안로 96,서울특별시 종로구 신문로1가 135-2,교통단속,1,200,360도전방면,30,2012-12,02-2148-4301,37.5699813 ,126.9755031 ,2018-02-09
서울특별시 종로구청,서울특별시 종로구 새문안로5길 14-1,서울특별시 종로구 당주동 44-3,생활방범,3,200,360도전방면,30,2013-12,02-2148-4301,37.5715476 ,126.9749120 ,2018-02-09
서울특별시 종로구청,서울특별시 종로구 새문안로9길 9,서울특별시 종로구 신문로1가 7-5,교통단속,1,200,360도전방면,30,2017-08,02-2148-4301,37.5707580 ,126.9759460 ,2018-02-09
서울특별시 종로구청,서울특별시 종로구 성균관로 17,서울특별시 종로구 명륜2가 142-2,교통단속,1,200,360도전방면,30,2005-06,02-2148-4301,37.5843370 ,126.9974550 ,2018-02-09
서울특별시 종로구청,서울특별시 종로구 성균관로 40,서울특별시 종로구 명륜1가 83-5,생활방범,3,200,360도전방면,30,2016-12,02-2148-4301,37.5865290 ,126.9967450 ,2018-02-09
서울특별시 종로구청,서울특별시 종로구 성균관로 54-13,서울특별시 종로구 명륜1가 16-48,생활방범,1,41,360도전방면,30,2005-12,02-2148-4301,37.5873860 ,126.9970800 ,2018-02-09
서울특별시 종로구청,서울특별시 종로구 성균관로 58-23,서울특별시 종로구 명륜1가 16-26,생활방범,1,41,360도전방면,30,2005-12,02-2148-4301,37.5877120 ,126.9976420 ,2018-02-09
서울특별시 종로구청,서울특별시 종로구 성균관로 76,,다목적,1,200,360도전방면,30,2015-08,02-2148-4301,37.5892340 ,126.9974080 ,2018-02-09
서울특별시 종로구청,서울특별시 종로구 성균관로13길 13,서울특별시 종로구 명륜1가 7-2,생활방범,4,200,360도전방면,30,2015-12,02-2148-4301,37.5897980 ,126.9968800 ,2018-02-09
서울특별시 종로구청,서울특별시 종로구 성균관로13길 63(명륜어린이집),,다목적,1,200,360도전방면,30,2015-08,02-2148-4301,37.5911260 ,126.9951440 ,2018-02-09
서울특별시 종로구청,서울특별시 종로구 성균관로14길 14,서울특별시 종로구 명륜1가 33-87,생활방범,1,41,360도전방면,30,2005-12,02-2148-4301,37.5888518 ,126.9976327 ,2018-02-09
서울특별시 종로구청,서울특별시 종로구 성균관로14길 30,서울특별시 종로구 명륜1가 23-3,생활방범,1,41,360도전방면,30,2005-12,02-2148-4301,37.5880445 ,126.9976432 ,2018-02-09
서울특별시 종로구청,서울특별시 종로구 성균관로17길 28,서울특별시 종로구 명륜1가 2-19,생활방범,3,200,360도전방면,30,2013-12,02-2148-4301,37.5904788 ,126.9976123 ,2018-02-09
서울특별시 종로구청,서울특별시 종로구 성균관로25 (성대정문 쉼터 내),,생활방범,1,200,360도전방면,30,2014-08,02-2148-4301,37.5848140 ,126.9971060 ,2018-02-09
서울특별시 종로구청,서울특별시 종로구 성균관로25 (성대정문 쉼터 내),,생활방범,1,200,360도전방면,30,2014-08,02-2148-4301,37.5850410 ,126.9971180 ,2018-02-09
서울특별시 종로구청,서울특별시 종로구 성균관로3길 5,서울특별시 종로구 명륜3가 133,생활방범,4,200,360도전방면,30,2017-09,02-2148-4301,37.5836110 ,126.9978010 ,2018-02-09
서울특별시 종로구청,서울특별시 종로구 성균관로4길 6,서울특별시 종로구 명륜2가 145,생활방범,2,200,360도전방면,30,2013-12,02-2148-4301,37.5845260 ,126.9978100 ,2018-02-09
서울특별시 종로구청,서울특별시 종로구 성균관로5길 25-13 (경학어린이공원),,생활방범,1,200,360도전방면,30,2015-06,02-2148-4301,37.5846550 ,126.9968470 ,2018-02-09
서울특별시 종로구청,서울특별시 종로구 성균관로5길 29,서울특별시 종로구 명륜3가 72-7,생활방범,4,200,360도전방면,30,2013-12,02-2148-4301,37.5846265 ,126.9959455 ,2018-02-09
서울특별시 종로구청,서울특별시 종로구 성균관로5길 83,서울특별시 종로구 명륜3가 59-1,생활방범,2,200,360도전방면,30,2013-12,02-2148-4301,37.5866200 ,126.9941370 ,2018-02-09
서울특별시 종로구청,서울특별시 종로구 성균관로7길 25,서울특별시 종로구 명륜3가 38-1,생활방범,2,200,360도전방면,30,2013-12,02-2148-4301,37.5875830 ,126.9957770 ,2018-02-09
서울특별시 종로구청,서울특별시 종로구 세검정로,서울특별시 종로구 홍지동 72-7,재난재해,1,200,360도전방면,30,2016-11,02-2148-4301,37.6002820 ,126.9579490 ,2018-02-09
서울특별시 종로구청,서울특별시 종로구 세검정로 209-16,서울특별시 종로구 홍지동 36-25,생활방범,3,200,360도전방면,30,2013-12,02-2148-4301,37.5993978 ,126.9561600 ,2018-02-09
서울특별시 종로구청,서울특별시 종로구 세검정로 260,서울특별시 종로구 신영동 131-1,생활방범,1,200,360도전방면,30,2013-02,02-2148-4301,37.6016444 ,126.9614100 ,2018-02-09
서울특별시 종로구청,서울특별시 종로구 세검정로 260,서울특별시 종로구 신영동 131-1,생활방범,2,130,카메라 전면(고정),30,2013-02,02-2148-4301,37.6016444 ,126.9614100 ,2018-02-09
서울특별시 종로구청,서울특별시 종로구 세검정로6길 51-4,서울특별시 종로구 신영동 140-1,재난재해,1,200,360도전방면,30,2014-07,02-2148-4301,37.6002810 ,126.9618830 ,2018-02-09
서울특별시 종로구청,서울특별시 종로구 세검정로6다길 10(부암어린이집),서울특별시 종로구 신영동 105-12,다목적,1,200,360도전방면,30,2016-06,02-2148-4301,37.6016610 ,126.9626040 ,2018-02-09
서울특별시 종로구청,서울특별시 종로구 세검정로7길 19(세검정초교 정문 인근),,다목적,1,200,360도전방면,30,2015-08,02-2148-4301,37.6027350 ,126.9607550 ,2018-02-09
서울특별시 종로구청,서울특별시 종로구 세검정로7나길 14,서울특별시 종로구 신영동 214-43,생활방범,3,200,360도전방면,30,2013-12,02-2148-4301,37.6037028 ,126.9599191 ,2018-02-09
서울특별시 종로구청,서울특별시 종로구 세검정로9길 1,서울특별시 종로구 신영동 219-4,재난재해,1,200,360도전방면,30,2014-07,02-2148-4301,37.6033750 ,126.9620139 ,2018-02-09
서울특별시 종로구청,서울특별시 종로구 세검정로9길 19(세검정초교 후문 인근),,다목적,1,200,360도전방면,30,2015-08,02-2148-4301,37.6039580 ,126.9612690 ,2018-02-09
서울특별시 종로구청,서울특별시 종로구 세검정로9길 51,서울특별시 종로구 신영동 234-3,생활방범,3,200,360도전방면,30,2013-12,02-2148-4301,37.6052618 ,126.9601809 ,2018-02-09
서울특별시 종로구청,서울특별시 종로구 세종대로 141,서울특별시 종로구 태평로1가 68-1,생활방범,2,200,360도전방면,30,2013-12,02-2148-4301,37.5689890 ,126.9764560 ,2018-02-09
서울특별시 종로구청,서울특별시 종로구 세종대로 152,서울특별시 종로구 세종로 139-8,생활방범,2,200,360도전방면,30,2013-12,02-2148-4301,37.5698106 ,126.9773670 ,2018-02-09
서울특별시 종로구청,서울특별시 종로구 세종대로 175,서울특별시 종로구 세종로 81-3,교통단속,1,200,360도전방면,30,2011-12,02-2148-4301,37.5716820 ,126.9754040 ,2018-02-09
서울특별시 종로구청,서울특별시 종로구 송월1길,서울특별시 종로구 송월동 2-1 (월암공원 공원후문 주변),생활방범,1,200,360도전방면,30,2013-12,02-2148-4301,37.5718062 ,126.9655525 ,2018-02-09
서울특별시 종로구청,서울특별시 종로구 송월1길,서울특별시 종로구 송월동 2-1 (월암공원 공원후문 주변),생활방범,1,200,360도전방면,30,2013-12,02-2148-4301,37.5710507 ,126.9659327 ,2018-02-09
서울특별시 종로구청,서울특별시 종로구 송월1길 30,서울특별시 종로구 송월동 1-92 (돈의문1구역 어린이공원),생활방범,2,200,360도전방면,30,2017-08,02-2148-4301,37.5712243 ,126.9651817 ,2018-02-09
서울특별시 종로구청,서울특별시 종로구 송월1길 44-30,서울특별시 종로구 행촌동 1-46,생활방범,3,200,360도전방면,30,2017-09,02-2148-4301,37.5724230 ,126.9652980 ,2018-02-09
서울특별시 종로구청,서울특별시 종로구 송월1길 46,서울특별시 종로구 홍파동 2-3,생활방범,1,130,360도전방면,30,2011-12,02-2148-4301,37.5717861 ,126.9650111 ,2018-02-09
서울특별시 종로구청,서울특별시 종로구 송월1길 46,서울특별시 종로구 홍파동 2-3,생활방범,3,200,카메라 전면(고정),30,2011-12,02-2148-4301,37.5717861 ,126.9650111 ,2018-02-09
서울특별시 종로구청,서울특별시 종로구 송월1길 71,서울특별시 종로구 행촌동 1-78,생활방범,3,200,360도전방면,30,2013-12,02-2148-4301,37.5728620 ,126.9651670 ,2018-02-09
서울특별시 종로구청,서울특별시 종로구 송월길 53,서울특별시 종로구 송월동 32-43 (돈의문1구역 소공원),생활방범,3,200,360도전방면,30,2017-08,02-2148-4301,37.5700690 ,126.9656850 ,2018-02-09
서울특별시 종로구청,서울특별시 종로구 송월길 53,서울특별시 종로구 송월동 32-43 (돈의문1구역 소공원),생활방범,1,200,360도전방면,30,2017-08,02-2148-4301,37.5699380 ,126.9656700 ,2018-02-09
서울특별시 종로구청,서울특별시 종로구 송월길 54,서울특별시 종로구 홍파동 5-21 (돈의문1구역 어린이공원),생활방범,2,200,360도전방면,30,2017-08,02-2148-4301,37.5713932 ,126.9647254 ,2018-02-09
서울특별시 종로구청,서울특별시 종로구 수표로 115,서울특별시 종로구 낙원동 210,교통단속,1,200,360도전방면,30,2007-12,02-2148-4301,37.5715188 ,126.9891396 ,2018-02-09
서울특별시 종로구청,서울특별시 종로구 수표로 127,서울특별시 종로구 낙원동 237-2,교통단속,1,200,360도전방면,30,2011-11,02-2148-4301,37.5724940 ,126.9885860 ,2018-02-09
서울특별시 종로구청,서울특별시 종로구 수표로 130,서울특별시 종로구 낙원동 100-1,생활방범,1,130,360도전방면,30,2012-02,02-2148-4301,37.5726600 ,126.9886350 ,2018-02-09
서울특별시 종로구청,서울특별시 종로구 수표로 89,서울특별시 종로구 관수동 157-1,생활방범,3,200,360도전방면,30,2013-12,02-2148-4301,37.5692068 ,126.9894584 ,2018-02-09
서울특별시 종로구청,서울특별시 종로구 수표로 90-1,서울특별시 종로구 관수동 15,교통단속,1,200,360도전방면,30,2011-11,02-2148-4301,37.5692840 ,126.9895880 ,2018-02-09
서울특별시 종로구청,서울특별시 종로구 수표로20길 13,서울특별시 종로구 종로3가 110,생활방범,1,200,360도전방면,30,2013-02,02-2148-4301,37.5699410 ,126.9903560 ,2018-02-09
서울특별시 종로구청,서울특별시 종로구 수표로20길 13,서울특별시 종로구 종로3가 110,생활방범,1,130,카메라 전면(고정),30,2013-02,02-2148-4301,37.5699410 ,126.9903560 ,2018-02-09
서울특별시 종로구청,서울특별시 종로구 수표로26길 22,서울특별시 종로구 돈의동 103-27,생활방범,3,200,360도전방면,30,2013-12,02-2148-4301,37.5722880 ,126.9903210 ,2018-02-09
서울특별시 종로구청,서울특별시 종로구 수표로28길 17,서울특별시 종로구 익선동 166-55,생활방범,1,200,360도전방면,30,2013-02,02-2148-4301,37.5728796 ,126.9895228 ,2018-02-09
서울특별시 종로구청,서울특별시 종로구 수표로28길 17,서울특별시 종로구 익선동 166-55,생활방범,1,130,카메라 전면(고정),30,2013-02,02-2148-4301,37.5728796 ,126.9895228 ,2018-02-09
서울특별시 종로구청,서울특별시 종로구 수표로28길 45,서울특별시 종로구 익선동 160-3,생활방범,3,200,360도전방면,30,2013-12,02-2148-4301,37.5732660 ,126.9907710 ,2018-02-09
서울특별시 종로구청,서울특별시 종로구 숭인동1가길 1-5,서울특별시 종로구 숭인동 853,생활방범,2,200,360도전방면,30,2013-12,02-2148-4301,37.5768468 ,127.0209148 ,2018-02-09
서울특별시 종로구청,서울특별시 종로구 숭인동1가길 28,서울특별시 종로구 숭인동 672,생활방범,4,200,360도전방면,30,2015-12,02-2148-4301,37.5779200 ,127.0215160 ,2018-02-09
서울특별시 종로구청,서울특별시 종로구 숭인동1길 41,서울특별시 종로구 숭인동 181-162,생활방범,2,200,360도전방면,30,2013-12,02-2148-4301,37.5765725 ,127.0196408 ,2018-02-09
서울특별시 종로구청,서울특별시 종로구 숭인동1길 42-11,서울특별시 종로구 숭인동 181-92,생활방범,2,200,카메라 전면(고정),30,2016-12,02-2148-4301,37.5767770 ,127.0200670 ,2018-02-09
서울특별시 종로구청,서울특별시 종로구 숭인동1나길 11,서울특별시 종로구 숭인동 872,생활방범,3,200,360도전방면,30,2013-12,02-2148-4301,37.5772240 ,127.0203670 ,2018-02-09
서울특별시 종로구청,서울특별시 종로구 숭인동1다길 23-4,서울특별시 종로구 숭인동 181-152,생활방범,4,200,360도전방면,30,2015-12,02-2148-4301,37.5770010 ,127.0189020 ,2018-02-09
서울특별시 종로구청,서울특별시 종로구 숭인동2길 29,서울특별시 종로구 숭인동 605 (숭인어린이놀이터),생활방범,1,200,360도전방면,30,2015-06,02-2148-4301,37.5779170 ,127.0203360 ,2018-02-09
서울특별시 종로구청,서울특별시 종로구 숭인동2길 30,서울특별시 종로구 숭인동 553,생활방범,3,200,360도전방면,30,2013-12,02-2148-4301,37.5781388 ,127.0202280 ,2018-02-09
서울특별시 종로구청,서울특별시 종로구 숭인동2길 41,서울특별시 종로구 숭인동 577,생활방범,3,200,360도전방면,30,2013-12,02-2148-4301,37.5777930 ,127.0195840 ,2018-02-09
서울특별시 종로구청,서울특별시 종로구 숭인동길 40,서울특별시 종로구 숭인동 750,생활방범,3,200,360도전방면,30,2013-12,02-2148-4301,37.5769395 ,127.0220012 ,2018-02-09
서울특별시 종로구청,서울특별시 종로구 숭인동길 53-15,서울특별시 종로구 숭인동 691,생활방범,3,200,360도전방면,30,2016-12,02-2148-4301,37.5773810 ,127.0215710 ,2018-02-09
서울특별시 종로구청,서울특별시 종로구 옥인3길 32-1,서울특별시 종로구 누상동 166-3,생활방범,3,200,360도전방면,30,2013-12,02-2148-4301,37.5799517 ,126.9656944 ,2018-02-09
서울특별시 종로구청,서울특별시 종로구 옥인5길 7,서울특별시 종로구 옥인동 180,생활방범,3,200,360도전방면,30,2015-12,02-2148-4301,37.5824280 ,126.9648060 ,2018-02-09
서울특별시 종로구청,서울특별시 종로구 옥인6가길 8,서울특별시 종로구 누상동 166-114,생활방범,3,200,360도전방면,30,2013-12,02-2148-4301,37.5815663 ,126.9649330 ,2018-02-09
서울특별시 종로구청,서울특별시 종로구 옥인6길 23,서울특별시 종로구 누상동 166-125,생활방범,2,200,360도전방면,30,2013-12,02-2148-4301,37.5809180 ,126.9647650 ,2018-02-09
서울특별시 종로구청,서울특별시 종로구 옥인6길 26-17,서울특별시 종로구 누상동 산1-3 (인왕산공원 누상지구 체육시설),생활방범,1,200,360도전방면,30,2013-12,02-2148-4301,37.5796520 ,126.9642020 ,2018-02-09
서울특별시 종로구청,서울특별시 종로구 옥인6길 32,서울특별시 종로구 누상동 166-214,생활방범,1,200,카메라 전면(고정),30,2013-12,02-2148-4301,37.5809050 ,126.9645730 ,2018-02-09
서울특별시 종로구청,서울특별시 종로구 옥인6길 39,서울특별시 종로구 누상동 166-16,생활방범,2,200,360도전방면,30,2013-12,02-2148-4301,37.5804500 ,126.9648476 ,2018-02-09
서울특별시 종로구청,서울특별시 종로구 옥인6길 54,서울특별시 종로구 누상동 166-251,생활방범,4,200,360도전방면,30,2013-12,02-2148-4301,37.5798331 ,126.9648630 ,2018-02-09
서울특별시 종로구청,서울특별시 종로구 옥인길,서울특별시 종로구 옥인동 185-3 (수성동계곡),생활방범,1,41,360도전방면,30,2012-02,02-2148-4301,37.5821440 ,126.9637000 ,2018-02-09
서울특별시 종로구청,서울특별시 종로구 옥인길,서울특별시 종로구 옥인동 185-3 (수성동계곡),생활방범,1,41,360도전방면,30,2012-02,02-2148-4301,37.5825130 ,126.9638710 ,2018-02-09
서울특별시 종로구청,서울특별시 종로구 옥인길,서울특별시 종로구 옥인동 185-3 (수성동계곡),생활방범,1,41,360도전방면,30,2012-02,02-2148-4301,37.5830020 ,126.9620100 ,2018-02-09
서울특별시 종로구청,서울특별시 종로구 옥인길,서울특별시 종로구 옥인동 185-3 (수성동계곡),생활방범,1,41,360도전방면,30,2012-02,02-2148-4301,37.5824160 ,126.9622730 ,2018-02-09
서울특별시 종로구청,서울특별시 종로구 옥인길 18(누상어린이집),서울특별시 종로구 옥인동 149-1,다목적,1,200,360도전방면,30,2016-06,02-2148-4301,37.5806940 ,126.9674690 ,2018-02-09
서울특별시 종로구청,서울특별시 종로구 옥인길 40,서울특별시 종로구 옥인동 171-1,생활방범,4,200,360도전방면,30,2012-02,02-2148-4301,37.5810680 ,126.9665770 ,2018-02-09
서울특별시 종로구청,서울특별시 종로구 와룡공원길 192,서울특별시 종로구 명륜3가 산2-14 (와룡공원),생활방범,1,41,360도전방면,30,2011-11,02-2148-4301,37.5912800 ,126.9945100 ,2018-02-09
서울특별시 종로구청,서울특별시 종로구 와룡공원길 192,서울특별시 종로구 명륜3가 산2-14 (와룡공원),생활방범,1,41,360도전방면,30,2012-08,02-2148-4301,37.5912080 ,126.9899590 ,2018-02-09
서울특별시 종로구청,서울특별시 종로구 와룡공원길 192,서울특별시 종로구 명륜3가 산2-14 (와룡공원),생활방범,1,41,360도전방면,30,2012-08,02-2148-4301,37.5918500 ,126.9928580 ,2018-02-09
서울특별시 종로구청,서울특별시 종로구 와룡공원길 192,서울특별시 종로구 명륜3가 산2-14 (와룡공원),생활방범,1,41,360도전방면,30,2012-08,02-2148-4301,37.5921610 ,126.9960750 ,2018-02-09
서울특별시 종로구청,서울특별시 종로구 우정국로 2,서울특별시 종로구 관철동 288,생활방범,3,200,360도전방면,30,2013-12,02-2148-4301,37.5690730 ,126.9829680 ,2018-02-09
서울특별시 종로구청,서울특별시 종로구 우정국로 29,서울특별시 종로구 공평동 120-2,생활방범,3,200,360도전방면,30,2013-12,02-2148-4301,37.5719160 ,126.9828707 ,2018-02-09
서울특별시 종로구청,서울특별시 종로구 윤보선길 10,서울특별시 종로구 안국동 170,생활방범,2,200,360도전방면,30,2013-12,02-2148-4301,37.5766031 ,126.9843822 ,2018-02-09
서울특별시 종로구청,서울특별시 종로구 율곡로 184,서울특별시 종로구 원남동 49-16,교통단속,1,200,360도전방면,30,2007-12,02-2148-4301,37.5757568 ,126.9991619 ,2018-02-09
서울특별시 종로구청,서울특별시 종로구 율곡로 235,서울특별시 종로구 충신동 52-2,교통단속,1,200,360도전방면,30,2012-07,02-2148-4301,37.5757960 ,127.0049990 ,2018-02-09
서울특별시 종로구청,서울특별시 종로구 율곡로 264,,다목적,1,200,360도전방면,30,2014-10,02-2148-4301,37.5736270 ,127.0066910 ,2018-02-09
서울특별시 종로구청,서울특별시 종로구 율곡로 283 (동대문성곽공원 놀이터 주변),,생활방범,1,200,360도전방면,30,2013-12,02-2148-4301,37.5730570 ,127.0086900 ,2018-02-09
서울특별시 종로구청,서울특별시 종로구 율곡로 283 (동대문성곽공원 사모정 주변),,생활방범,1,200,360도전방면,30,2013-12,02-2148-4301,37.5725360 ,127.0086030 ,2018-02-09
서울특별시 종로구청,서울특별시 종로구 율곡로10길 12,서울특별시 종로구 와룡동 21,생활방범,3,200,360도전방면,30,2016-12,02-2148-4301,37.5768380 ,126.9909280 ,2018-02-09
서울특별시 종로구청,서울특별시 종로구 율곡로13가길 28,서울특별시 종로구 연건동 289-1,생활방범,3,200,360도전방면,30,2016-12,02-2148-4301,37.5767720 ,126.9995660 ,2018-02-09
서울특별시 종로구청,서울특별시 종로구 율곡로13길 13,서울특별시 종로구 연건동 273-8,생활방범,2,200,360도전방면,30,2013-12,02-2148-4301,37.5767930 ,127.0007060 ,2018-02-09
서울특별시 종로구청,서울특별시 종로구 율곡로14길 40(효제파출소 건너편),,다목적,1,200,360도전방면,30,2015-08,02-2148-4301,37.5743050 ,127.0033200 ,2018-02-09
서울특별시 종로구청,서울특별시 종로구 율곡로17길 7-2,서울특별시 종로구 이화동 96-2,생활방범,2,200,360도전방면,30,2013-12,02-2148-4301,37.5761864 ,127.0049736 ,2018-02-09
서울특별시 종로구청,서울특별시 종로구 율곡로19가길 7-6,서울특별시 종로구 충신동 5-22,생활방범,3,200,360도전방면,30,2017-09,02-2148-4301,37.5756750 ,127.0059750 ,2018-02-09
서울특별시 종로구청,서울특별시 종로구 율곡로19길 19,서울특별시 종로구 이화동 12-2,생활방범,2,200,360도전방면,30,2013-12,02-2148-4301,37.5762900 ,127.0059000 ,2018-02-09
서울특별시 종로구청,서울특별시 종로구 율곡로19길 29,서울특별시 종로구 이화동 9-28,생활방범,3,200,360도전방면,30,2017-09,02-2148-4301,37.5765860 ,127.0065590 ,2018-02-09
서울특별시 종로구청,서울특별시 종로구 율곡로22가길 25-1,서울특별시 종로구 충신동 191-1,생활방범,2,200,360도전방면,30,2013-12,02-2148-4301,37.5742458 ,127.0040262 ,2018-02-09
서울특별시 종로구청,서울특별시 종로구 율곡로23길 1,서울특별시 종로구 충신동 35-14,생활방범,3,200,360도전방면,30,2013-12,02-2148-4301,37.5750473 ,127.0060536 ,2018-02-09
서울특별시 종로구청,서울특별시 종로구 율곡로23길 18-1,서울특별시 종로구 충신동 5-69,생활방범,3,200,360도전방면,30,2017-09,02-2148-4301,37.5753920 ,127.0065490 ,2018-02-09
서울특별시 종로구청,서울특별시 종로구 율곡로27길 5,서울특별시 종로구 충신동 25-56,생활방범,3,200,360도전방면,30,2017-09,02-2148-4301,37.5743980 ,127.0068310 ,2018-02-09
서울특별시 종로구청,서울특별시 종로구 율곡로29길 10,서울특별시 종로구 종로6가 203-3,생활방범,3,200,360도전방면,30,2017-09,02-2148-4301,37.5741120 ,127.0074820 ,2018-02-09
서울특별시 종로구청,서울특별시 종로구 율곡로3길 49,서울특별시 종로구 송현동 34,생활방범,3,200,360도전방면,30,2013-12,02-2148-4301,37.5772909 ,126.9824854 ,2018-02-09
서울특별시 종로구청,서울특별시 종로구 율곡로3길 87,서울특별시 종로구 소격동 144-2,교통단속,1,200,360도전방면,30,2011-12,02-2148-4301,37.5795500 ,126.9821500 ,2018-02-09
서울특별시 종로구청,서울특별시 종로구 율곡로4길 48,서울특별시 종로구 수송동 80-7 (수송공원 중앙광장),생활방범,1,200,360도전방면,30,2013-12,02-2148-4301,37.5738500 ,126.9811210 ,2018-02-09
서울특별시 종로구청,서울특별시 종로구 율곡로8길 37,서울특별시 종로구 와룡동 42,생활방범,3,200,360도전방면,30,2015-12,02-2148-4301,37.5756630 ,126.9909110 ,2018-02-09
서울특별시 종로구청,서울특별시 종로구 이화장1길 33,서울특별시 종로구 이화동 6-2,생활방범,2,200,360도전방면,30,2013-12,02-2148-4301,37.5778030 ,127.0059570 ,2018-02-09
서울특별시 종로구청,서울특별시 종로구 이화장1나길 15,서울특별시 종로구 이화동 9-264,생활방범,2,200,360도전방면,30,2013-12,02-2148-4301,37.5776208 ,127.0066968 ,2018-02-09
서울특별시 종로구청,서울특별시 종로구 이화장길 14,서울특별시 종로구 이화동 186-3,생활방범,2,200,360도전방면,30,2011-04,02-2148-4301,37.5768600 ,127.0033300 ,2018-02-09
서울특별시 종로구청,서울특별시 종로구 이화장길 14,서울특별시 종로구 이화동 186-3,생활방범,1,41,카메라 전면(고정),30,2011-04,02-2148-4301,37.5768600 ,127.0033300 ,2018-02-09
서울특별시 종로구청,서울특별시 종로구 이화장길 33,서울특별시 종로구 이화동 149-1,생활방범,2,200,360도전방면,30,2013-12,02-2148-4301,37.5768950 ,127.0045230 ,2018-02-09
서울특별시 종로구청,서울특별시 종로구 이화장길 70-12,서울특별시 종로구 동숭동 199-20,생활방범,2,200,360도전방면,30,2013-12,02-2148-4301,37.5784690 ,127.0052060 ,2018-02-09
서울특별시 종로구청,서울특별시 종로구 이화장길 84,서울특별시 종로구 동숭동 192-14,생활방범,2,200,360도전방면,30,2013-12,02-2148-4301,37.5790919 ,127.0045073 ,2018-02-09
서울특별시 종로구청,서울특별시 종로구 인사동5길 41,서울특별시 종로구 공평동 1,교통단속,1,200,360도전방면,30,2016-02,02-2148-4301,37.5722460 ,126.9842610 ,2018-02-09
서울특별시 종로구청,서울특별시 종로구 인사동7길 6,서울특별시 종로구 관훈동 197-24,생활방범,3,200,360도전방면,30,2016-12,02-2148-4301,37.5730530 ,126.9857150 ,2018-02-09
서울특별시 종로구청,서울특별시 종로구 인사동길 1,서울특별시 종로구 인사동 72,생활방범,2,200,360도전방면,30,2013-12,02-2148-4301,37.5710565 ,126.9874275 ,2018-02-09
서울특별시 종로구청,서울특별시 종로구 인사동길 11-1,서울특별시 종로구 인사동 147,생활방범,2,200,360도전방면,30,2013-12,02-2148-4301,37.5718790 ,126.9868770 ,2018-02-09
서울특별시 종로구청,서울특별시 종로구 인사동길 20-22,서울특별시 종로구 인사동 34-15,생활방범,3,200,360도전방면,30,2013-12,02-2148-4301,37.5726230 ,126.9874280 ,2018-02-09
서울특별시 종로구청,서울특별시 종로구 인사동길 23-1,서울특별시 종로구 인사동 179-2,교통단속,1,200,360도전방면,30,2002-11,02-2148-4301,37.5729276 ,126.9862217 ,2018-02-09
서울특별시 종로구청,서울특별시 종로구 인사동길 24,서울특별시 종로구 인사동 15,생활방범,2,200,360도전방면,30,2011-04,02-2148-4301,37.5730000 ,126.9863230 ,2018-02-09
서울특별시 종로구청,서울특별시 종로구 인사동길 24,서울특별시 종로구 인사동 15,생활방범,1,41,카메라 전면(고정),30,2011-04,02-2148-4301,37.5730000 ,126.9863230 ,2018-02-09
서울특별시 종로구청,서울특별시 종로구 인사동길 40,서울특별시 종로구 관훈동 37,교통단속,1,200,360도전방면,30,2011-12,02-2148-4301,37.5739234 ,126.9850717 ,2018-02-09
서울특별시 종로구청,서울특별시 종로구 인사동길 47,서울특별시 종로구 관훈동 168,교통단속,1,200,360도전방면,30,2002-11,02-2148-4301,37.5743530 ,126.9843310 ,2018-02-09
서울특별시 종로구청,서울특별시 종로구 인사동길 9,서울특별시 종로구 인사동 137-2,교통단속,1,200,360도전방면,30,2002-11,02-2148-4301,37.5717320 ,126.9869650 ,2018-02-09
서울특별시 종로구청,서울특별시 종로구 인왕산로,서울특별시 종로구 옥인동 산3-1 (인왕산도시자연공원 인왕산전망대 입구),생활방범,1,200,360도전방면,30,2014-08,02-2148-4301,37.5840890 ,126.9638920 ,2018-02-09
서울특별시 종로구청,서울특별시 종로구 인왕산로,서울특별시 종로구 옥인동 산3-1 (인왕산도시자연공원 수성동계곡 뒤),생활방범,1,200,360도전방면,30,2014-08,02-2148-4301,37.5827300 ,126.9614640 ,2018-02-09
서울특별시 종로구청,서울특별시 종로구 인왕산로 15,서울특별시 종로구 누상동 산1-38 (인왕산공원 인왕배드민턴장),생활방범,1,200,360도전방면,30,2013-12,02-2148-4301,37.5788960 ,126.9632200 ,2018-02-09
서울특별시 종로구청,서울특별시 종로구 인왕산로1길,서울특별시 종로구 사직동 산1-10 (사직공원 전망대),생활방범,1,200,360도전방면,30,2013-12,02-2148-4301,37.5753220 ,126.9635820 ,2018-02-09
서울특별시 종로구청,서울특별시 종로구 인왕산로1길 21,,다목적,1,200,360도전방면,30,2014-10,02-2148-4301,37.5745460 ,126.9645120 ,2018-02-09
서울특별시 종로구청,서울특별시 종로구 인왕산로1길 29,서울특별시 종로구 사직동 304-36,생활방범,2,200,360도전방면,30,2013-12,02-2148-4301,37.5736182 ,126.9639237 ,2018-02-09
서울특별시 종로구청,서울특별시 종로구 인왕산로1길 66,서울특별시 종로구 행촌동 210-490,생활방범,3,200,360도전방면,30,2017-09,02-2148-4301,37.5760730 ,126.9623710 ,2018-02-09
서울특별시 종로구청,서울특별시 종로구 자하문로 119,서울특별시 종로구 청운동 50-31,교통단속,1,200,360도전방면,30,2005-04,02-2148-4301,37.5864880 ,126.9697210 ,2018-02-09
서울특별시 종로구청,서울특별시 종로구 자하문로 13-1,서울특별시 종로구 체부동 45-1,교통단속,1,41,360도전방면,30,2005-07,02-2148-4301,37.5773460 ,126.9720930 ,2018-02-09
서울특별시 종로구청,서울특별시 종로구 자하문로 235,서울특별시 종로구 부암동 203-4,교통단속,1,200,360도전방면,30,2014-08,02-2148-4301,37.5952470 ,126.9635340 ,2018-02-09
서울특별시 종로구청,서울특별시 종로구 자하문로 27,서울특별시 종로구 통인동 156-2,교통단속,1,200,360도전방면,30,2005-04,02-2148-4301,37.5785600 ,126.9715230 ,2018-02-09
서울특별시 종로구청,서울특별시 종로구 자하문로 273,서울특별시 종로구 부암동 185-4,교통단속,1,200,360도전방면,30,2005-04,02-2148-4301,37.5980040 ,126.9620930 ,2018-02-09
서울특별시 종로구청,서울특별시 종로구 자하문로 3,서울특별시 종로구 내자동 1-3,생활방범,3,200,360도전방면,30,2013-12,02-2148-4301,37.5765330 ,126.9723960 ,2018-02-09
서울특별시 종로구청,서울특별시 종로구 자하문로 302-5,서울특별시 종로구 홍지동 103-17,생활방범,2,200,360도전방면,30,2013-12,02-2148-4301,37.5998400 ,126.9596380 ,2018-02-09
서울특별시 종로구청,서울특별시 종로구 자하문로 303,서울특별시 종로구 홍지동 126-1,생활방범,2,200,360도전방면,30,2013-12,02-2148-4301,37.5990568 ,126.9593008 ,2018-02-09
서울특별시 종로구청,서울특별시 종로구 자하문로 306,,다목적,1,200,360도전방면,30,2014-10,02-2148-4301,37.5997036 ,126.9590640 ,2018-02-09
서울특별시 종로구청,서울특별시 종로구 자하문로 6,서울특별시 종로구 통의동 49-1,교통단속,1,41,360도전방면,30,2011-11,02-2148-4301,37.5766000 ,126.9726600 ,2018-02-09
서울특별시 종로구청,서울특별시 종로구 자하문로 69,서울특별시 종로구 옥인동 18,교통단속,1,200,360도전방면,30,2005-04,02-2148-4301,37.5823510 ,126.9705070 ,2018-02-09
서울특별시 종로구청,서울특별시 종로구 자하문로10길 8,,다목적,1,200,360도전방면,30,2014-10,02-2148-4301,37.5793990 ,126.9720130 ,2018-02-09
서울특별시 종로구청,서울특별시 종로구 자하문로13길 14,서울특별시 종로구 통인동 89-24,생활방범,3,200,360도전방면,30,2016-12,02-2148-4301,37.5800980 ,126.9704820 ,2018-02-09
서울특별시 종로구청,서울특별시 종로구 자하문로14길 13,서울특별시 종로구 창성동 98-2,생활방범,2,200,360도전방면,30,2013-12,02-2148-4301,37.5806947 ,126.9716901 ,2018-02-09
서울특별시 종로구청,서울특별시 종로구 자하문로15길 26,서울특별시 종로구 통인동 31-25,생활방범,2,200,360도전방면,30,2013-12,02-2148-4301,37.5806769 ,126.9694099 ,2018-02-09
서울특별시 종로구청,서울특별시 종로구 자하문로17길 12,,다목적,1,200,360도전방면,30,2014-10,02-2148-4301,37.5813540 ,126.9694870 ,2018-02-09
서울특별시 종로구청,서울특별시 종로구 자하문로1길 34,서울특별시 종로구 체부동 213,생활방범,2,200,360도전방면,30,2013-12,02-2148-4301,37.5765137 ,126.9705457 ,2018-02-09
서울특별시 종로구청,서울특별시 종로구 자하문로1나길 3-2,서울특별시 종로구 체부동 188,생활방범,3,200,360도전방면,30,2014-12,02-2148-4301,37.5767920 ,126.9715670 ,2018-02-09
서울특별시 종로구청,서울특별시 종로구 자하문로21길 10,서울특별시 종로구 신교동 17-3,생활방범,3,200,360도전방면,30,2014-12,02-2148-4301,37.5831699 ,126.9696740 ,2018-02-09
서울특별시 종로구청,서울특별시 종로구 자하문로23길 19,서울특별시 종로구 신교동 17-47,생활방범,3,200,360도전방면,30,2013-12,02-2148-4301,37.5833010 ,126.9691770 ,2018-02-09
서울특별시 종로구청,서울특별시 종로구 자하문로28가길 8,서울특별시 종로구 청운동 89-20,생활방범,2,200,360도전방면,30,2013-02,02-2148-4301,37.5858399 ,126.9716678 ,2018-02-09
서울특별시 종로구청,서울특별시 종로구 자하문로28길 8,,다목적,1,200,360도전방면,30,2014-10,02-2148-4301,37.5850460 ,126.9710600 ,2018-02-09
서울특별시 종로구청,서울특별시 종로구 자하문로30길 15,서울특별시 종로구 청운동 82,생활방범,3,200,360도전방면,30,2013-12,02-2148-4301,37.5855045 ,126.9707093 ,2018-02-09
서울특별시 종로구청,서울특별시 종로구 자하문로33가길 27,서울특별시 종로구 청운동 53-76,생활방범,2,200,360도전방면,30,2011-04,02-2148-4301,37.5875512 ,126.9682904 ,2018-02-09
서울특별시 종로구청,서울특별시 종로구 자하문로33가길 27,서울특별시 종로구 청운동 53-76,생활방범,1,41,카메라 전면(고정),30,2011-04,02-2148-4301,37.5875512 ,126.9682904 ,2018-02-09
서울특별시 종로구청,서울특별시 종로구 자하문로33길 2,서울특별시 종로구 청운동 59-1,생활방범,1,41,카메라 전면(고정),30,2011-04,02-2148-4301,37.5861700 ,126.9698180 ,2018-02-09
서울특별시 종로구청,서울특별시 종로구 자하문로33가길 6,서울특별시 종로구 청운동 52-6,생활방범,2,200,360도전방면,30,2013-12,02-2148-4301,37.5866397 ,126.9684822 ,2018-02-09
서울특별시 종로구청,서울특별시 종로구 자하문로33길 2,서울특별시 종로구 청운동 59-1,생활방범,2,200,360도전방면,30,2011-04,02-2148-4301,37.5861700 ,126.9698180 ,2018-02-09
서울특별시 종로구청,서울특별시 종로구 자하문로33길 22-1(청운초교 후문 옆),,다목적,1,200,360도전방면,30,2015-08,02-2148-4301,37.5862690 ,126.9686350 ,2018-02-09
서울특별시 종로구청,서울특별시 종로구 자하문로33길 53,서울특별시 종로구 청운동 56-1,생활방범,3,200,360도전방면,30,2016-12,02-2148-4301,37.5866290 ,126.9668210 ,2018-02-09
서울특별시 종로구청,서울특별시 종로구 자하문로33다길 28,서울특별시 종로구 청운동 52-50,생활방범,2,200,360도전방면,30,2013-12,02-2148-4301,37.5874000 ,126.9669400 ,2018-02-09
서울특별시 종로구청,서울특별시 종로구 자하문로35길,서울특별시 종로구 청운동 7-6 (인왕산청운공원),생활방범,1,130,360도전방면,30,2012-08,02-2148-4301,37.5912940 ,126.9663230 ,2018-02-09
서울특별시 종로구청,서울특별시 종로구 자하문로35길,서울특별시 종로구 청운동 7-6 (인왕산청운공원),생활방범,1,130,360도전방면,30,2012-08,02-2148-4301,37.5894490 ,126.9653100 ,2018-02-09
서울특별시 종로구청,서울특별시 종로구 자하문로35길,서울특별시 종로구 청운동 7-3 (인왕산도시자연공원 청운공원),생활방범,1,200,360도전방면,30,2014-08,02-2148-4301,37.5909340 ,126.9662810 ,2018-02-09
서울특별시 종로구청,서울특별시 종로구 자하문로35길 21,,다목적,1,200,360도전방면,30,2014-10,02-2148-4301,37.5885170 ,126.9662230 ,2018-02-09
서울특별시 종로구청,서울특별시 종로구 자하문로36길 16,서울특별시 종로구 청운동 15,생활방범,3,200,360도전방면,30,2013-12,02-2148-4301,37.5902682 ,126.9683383 ,2018-02-09
서울특별시 종로구청,서울특별시 종로구 자하문로40길 19-2,서울특별시 종로구 부암동 208-11,생활방범,3,200,360도전방면,30,2016-12,02-2148-4301,37.5955770 ,126.9647320 ,2018-02-09
서울특별시 종로구청,서울특별시 종로구 자하문로40길 6,서울특별시 종로구 부암동 208-40,생활방범,2,200,360도전방면,30,2013-12,02-2148-4301,37.5951890 ,126.9639930 ,2018-02-09
서울특별시 종로구청,서울특별시 종로구 자하문로41길 13,서울특별시 종로구 부암동 185-19,생활방범,3,200,360도전방면,30,2016-12,02-2148-4301,37.5970870 ,126.9616860 ,2018-02-09
서울특별시 종로구청,서울특별시 종로구 자하문로42길 57,서울특별시 종로구 신영동 158-5,생활방범,3,200,360도전방면,30,2015-12,02-2148-4301,37.6003510 ,126.9627840 ,2018-02-09
서울특별시 종로구청,서울특별시 종로구 자하문로43길 2(구립엔젤키즈어린이집),서울특별시 종로구 부암동 384-4,다목적,1,200,360도전방면,30,2016-06,02-2148-4301,37.5986870 ,126.9608750 ,2018-02-09
서울특별시 종로구청,서울특별시 종로구 자하문로4길 14-14,서울특별시 종로구 통의동 35-44,생활방범,3,200,360도전방면,30,2015-12,02-2148-4301,37.5769500 ,126.9729000 ,2018-02-09
서울특별시 종로구청,서울특별시 종로구 자하문로4길 14-8,서울특별시 종로구 통의동 35-45,생활방범,1,200,카메라 전면(고정),30,2015-12,02-2148-4301,37.5770490 ,126.9729050 ,2018-02-09
서울특별시 종로구청,서울특별시 종로구 자하문로5가길 18,서울특별시 종로구 체부동 23-2,생활방범,2,200,360도전방면,30,2013-12,02-2148-4301,37.5782880 ,126.9707970 ,2018-02-09
서울특별시 종로구청,서울특별시 종로구 자하문로5길 35,서울특별시 종로구 필운동 176-1,생활방범,2,200,360도전방면,30,2015-12,02-2148-4301,37.5777970 ,126.9699320 ,2018-02-09
서울특별시 종로구청,서울특별시 종로구 자하문로7길 69,서울특별시 종로구 누하동 20,생활방범,1,200,카메라 전면(고정),30,2015-12,02-2148-4301,37.5802240 ,126.9690160 ,2018-02-09
서울특별시 종로구청,서울특별시 종로구 자하문로7길 78,서울특별시 종로구 통인동 46-28,생활방범,1,41,카메라 전면(고정),30,2011-04,02-2148-4301,37.5804556 ,126.9687049 ,2018-02-09
서울특별시 종로구청,서울특별시 종로구 자하문로7길 78,서울특별시 종로구 통인동 46-28,생활방범,3,200,360도전방면,30,2011-04,02-2148-4301,37.5804556 ,126.9687049 ,2018-02-09
서울특별시 종로구청,서울특별시 종로구 자하문로8길 9,서울특별시 종로구 통의동 98,생활방범,2,200,360도전방면,30,2013-12,02-2148-4301,37.5788060 ,126.9721810 ,2018-02-09
서울특별시 종로구청,서울특별시 종로구 자하문로9길 29,서울특별시 종로구 누하동 217,생활방범,3,200,360도전방면,30,2011-04,02-2148-4301,37.5793889 ,126.9696358 ,2018-02-09
서울특별시 종로구청,서울특별시 종로구 종로 1,서울특별시 종로구 세종로 119,생활방범,2,200,360도전방면,30,2013-12,02-2148-4301,37.5707030 ,126.9774460 ,2018-02-09
서울특별시 종로구청,서울특별시 종로구 종로 116-1,서울특별시 종로구 종로3가 115,교통단속,1,200,360도전방면,30,2004-07,02-2148-4301,37.5701610 ,126.9904520 ,2018-02-09
서울특별시 종로구청,서울특별시 종로구 종로 140-1,서울특별시 종로구 종로3가 148,생활방범,2,200,360도전방면,30,2013-12,02-2148-4301,37.5702973 ,126.9931769 ,2018-02-09
서울특별시 종로구청,서울특별시 종로구 종로 141-1,서울특별시 종로구 종로3가 37-7,교통단속,1,200,360도전방면,30,2005-05,02-2148-4301,37.5706360 ,126.9933230 ,2018-02-09
서울특별시 종로구청,서울특별시 종로구 종로 145,서울특별시 종로구 종로3가 39-8,생활방범,2,200,360도전방면,30,2011-04,02-2148-4301,37.5706750 ,126.9938570 ,2018-02-09
서울특별시 종로구청,서울특별시 종로구 종로 145,서울특별시 종로구 종로3가 39-8,생활방범,1,41,카메라 전면(고정),30,2011-04,02-2148-4301,37.5706750 ,126.9938570 ,2018-02-09
서울특별시 종로구청,서울특별시 종로구 종로 148-1,서울특별시 종로구 종로3가 163,교통단속,1,200,360도전방면,30,2004-07,02-2148-4301,37.5703350 ,126.9940480 ,2018-02-09
서울특별시 종로구청,서울특별시 종로구 종로 157 (종묘광장공원),,생활방범,1,200,360도전방면,30,2015-12,02-2148-4301,37.5712530 ,126.9941870 ,2018-02-09
서울특별시 종로구청,서울특별시 종로구 종로 157 (종묘광장공원),,생활방범,1,200,360도전방면,30,2015-12,02-2148-4301,37.5707980 ,126.9939910 ,2018-02-09
서울특별시 종로구청,서울특별시 종로구 종로 157 (종묘광장공원),,생활방범,1,200,360도전방면,30,2015-12,02-2148-4301,37.5712660 ,126.9948170 ,2018-02-09
서울특별시 종로구청,서울특별시 종로구 종로 157 (종묘광장공원),,생활방범,1,200,360도전방면,30,2015-12,02-2148-4301,37.5720140 ,126.9947780 ,2018-02-09
서울특별시 종로구청,서울특별시 종로구 종로 157 (종묘광장공원),,생활방범,1,200,360도전방면,30,2015-12,02-2148-4301,37.5716050 ,126.9942740 ,2018-02-09
서울특별시 종로구청,서울특별시 종로구 종로 157 (종묘광장공원),,생활방범,1,200,360도전방면,30,2015-12,02-2148-4301,37.5719700 ,126.9938320 ,2018-02-09
서울특별시 종로구청,서울특별시 종로구 종로 157 (종묘광장공원),,생활방범,1,200,360도전방면,30,2016-07,02-2148-4301,37.5719990 ,126.9958280 ,2018-02-09
서울특별시 종로구청,서울특별시 종로구 종로 157 (종묘광장공원),,생활방범,1,200,360도전방면,30,2016-07,02-2148-4301,37.5714780 ,126.9960780 ,2018-02-09
서울특별시 종로구청,서울특별시 종로구 종로 157 (종묘광장공원),,생활방범,1,200,360도전방면,30,2016-07,02-2148-4301,37.5717990 ,126.9958260 ,2018-02-09
서울특별시 종로구청,서울특별시 종로구 종로 157 (종묘광장공원),,생활방범,1,200,360도전방면,30,2016-07,02-2148-4301,37.5710970 ,126.9955110 ,2018-02-09
서울특별시 종로구청,서울특별시 종로구 종로 157 (종묘광장공원),,생활방범,1,200,360도전방면,30,2015-12,02-2148-4301,37.5717150 ,126.9947950 ,2018-02-09
서울특별시 종로구청,서울특별시 종로구 종로 160-1,서울특별시 종로구 종로4가 56,생활방범,2,200,360도전방면,30,2013-12,02-2148-4301,37.5703960 ,126.9953935 ,2018-02-09
서울특별시 종로구청,서울특별시 종로구 종로 206,서울특별시 종로구 종로5가 138-8,교통단속,1,200,360도전방면,30,2004-07,02-2148-4301,37.5707664 ,127.0007639 ,2018-02-09
서울특별시 종로구청,서울특별시 종로구 종로 230-2,서울특별시 종로구 종로5가 193-1,교통단속,1,200,360도전방면,30,2004-07,02-2148-4301,37.5708560 ,127.0034260 ,2018-02-09
서울특별시 종로구청,서울특별시 종로구 종로 244-1,서울특별시 종로구 종로5가 231-1,교통단속,1,200,360도전방면,30,2004-07,02-2148-4301,37.5708920 ,127.0048760 ,2018-02-09
서울특별시 종로구청,서울특별시 종로구 종로 251-3,서울특별시 종로구 종로5가 9-6,생활방범,2,200,360도전방면,30,2013-12,02-2148-4301,37.5715415 ,127.0056356 ,2018-02-09
서울특별시 종로구청,서울특별시 종로구 종로 266,서울특별시 종로구 종로6가 262-1,교통단속,1,200,360도전방면,30,2015-08,02-2148-4301,37.5709440 ,127.0067860 ,2018-02-09
서울특별시 종로구청,서울특별시 종로구 종로 298,서울특별시 종로구 창신동 465,교통단속,1,200,360도전방면,30,2004-07,02-2148-4301,37.5716030 ,127.0109820 ,2018-02-09
서울특별시 종로구청,서울특별시 종로구 종로 30 (서린공원),,생활방범,1,200,360도전방면,30,2015-06,02-2148-4301,37.5695900 ,126.9809350 ,2018-02-09
서울특별시 종로구청,서울특별시 종로구 종로 322,서울특별시 종로구 창신동 352-1,교통단속,1,200,360도전방면,30,2013-06,02-2148-4301,37.5722640 ,127.0135190 ,2018-02-09
서울특별시 종로구청,서울특별시 종로구 종로 347,서울특별시 종로구 숭인동 76,교통단속,1,200,360도전방면,30,2013-12,02-2148-4301,37.5739660 ,127.0157730 ,2018-02-09
서울특별시 종로구청,서울특별시 종로구 종로 351-6,서울특별시 종로구 숭인동 97,생활방범,3,200,360도전방면,30,2015-12,02-2148-4301,37.5736150 ,127.0165470 ,2018-02-09
서울특별시 종로구청,서울특별시 종로구 종로 368,서울특별시 종로구 숭인동 221,생활방범,3,200,360도전방면,30,2013-12,02-2148-4301,37.5736310 ,127.0183610 ,2018-02-09
서울특별시 종로구청,서울특별시 종로구 종로 69,서울특별시 종로구 종로2가 9,생활방범,3,200,360도전방면,30,2013-12,02-2148-4301,37.5703570 ,126.9855700 ,2018-02-09
서울특별시 종로구청,서울특별시 종로구 종로 99,서울특별시 종로구 종로2가 38-1,교통단속,1,200,360도전방면,30,2009-11,02-2148-4301,37.5710500 ,126.9878150 ,2018-02-09
서울특별시 종로구청,서울특별시 종로구 종로11길 9-20,서울특별시 종로구 인사동 243,생활방범,3,200,360도전방면,30,2013-12,02-2148-4301,37.5709003 ,126.9849533 ,2018-02-09
서울특별시 종로구청,서울특별시 종로구 종로12길 10,서울특별시 종로구 관철동 18-1,생활방범,3,200,360도전방면,30,2013-12,02-2148-4301,37.5697613 ,126.9856882 ,2018-02-09
서울특별시 종로구청,서울특별시 종로구 종로18길 21,서울특별시 종로구 관수동 52-1,생활방범,3,200,360도전방면,30,2014-12,02-2148-4301,37.5693030 ,126.9913970 ,2018-02-09
서울특별시 종로구청,서울특별시 종로구 종로28길 11,서울특별시 종로구 예지동 96,생활방범,2,200,360도전방면,30,2013-12,02-2148-4301,37.5699050 ,126.9954570 ,2018-02-09
서울특별시 종로구청,서울특별시 종로구 종로30길 9,서울특별시 종로구 예지동 46,생활방범,2,200,360도전방면,30,2013-12,02-2148-4301,37.5702400 ,126.9970500 ,2018-02-09
서울특별시 종로구청,서울특별시 종로구 종로35가길 7-15,서울특별시 종로구 효제동 214,생활방범,2,200,360도전방면,30,2015-12,02-2148-4301,37.5724930 ,127.0043570 ,2018-02-09
서울특별시 종로구청,서울특별시 종로구 종로36길 9,서울특별시 종로구 종로5가 231-14,생활방범,3,200,360도전방면,30,2016-12,02-2148-4301,37.5704640 ,127.0039820 ,2018-02-09
서울특별시 종로구청,서울특별시 종로구 종로3길 17,서울특별시 종로구 청진동 246,생활방범,3,200,360도전방면,30,2013-12,02-2148-4301,37.5703651 ,126.9792201 ,2018-02-09
서울특별시 종로구청,서울특별시 종로구 종로3길 24-7,서울특별시 종로구 청진동 146-3 (청진공원),생활방범,1,200,360도전방면,30,2016-07,02-2148-4301,37.5715090 ,126.9798390 ,2018-02-09
서울특별시 종로구청,서울특별시 종로구 종로41길 48,서울특별시 종로구 종로6가 210-11,생활방범,2,200,360도전방면,30,2013-12,02-2148-4301,37.5734426 ,127.0062196 ,2018-02-09
서울특별시 종로구청,서울특별시 종로구 종로44길 29,서울특별시 종로구 창신동 430-9,생활방범,3,200,360도전방면,30,2013-12,02-2148-4301,37.5706895 ,127.0118791 ,2018-02-09
서울특별시 종로구청,서울특별시 종로구 종로44길 43,서울특별시 종로구 창신동 432,생활방범,3,200,360도전방면,30,2013-12,02-2148-4301,37.5706944 ,127.0126716 ,2018-02-09
서울특별시 종로구청,서울특별시 종로구 종로44길 9,서울특별시 종로구 창신동 446-1,생활방범,3,200,360도전방면,30,2013-12,02-2148-4301,37.5709300 ,127.0105700 ,2018-02-09
서울특별시 종로구청,서울특별시 종로구 종로48길 26-1,서울특별시 종로구 창신동 450-2,생활방범,2,200,360도전방면,30,2013-12,02-2148-4301,37.5711260 ,127.0118800 ,2018-02-09
서울특별시 종로구청,서울특별시 종로구 종로51길 37,서울특별시 종로구 창신동 582-6,생활방범,2,200,360도전방면,30,2013-12,02-2148-4301,37.5735868 ,127.0112347 ,2018-02-09
서울특별시 종로구청,서울특별시 종로구 종로51나길 3,서울특별시 종로구 창신동 142-37,생활방범,2,200,360도전방면,30,2013-12,02-2148-4301,37.5725080 ,127.0121890 ,2018-02-09
서울특별시 종로구청,서울특별시 종로구 종로52길 12,서울특별시 종로구 창신동 457-3,교통단속,1,200,360도전방면,30,2015-08,02-2148-4301,37.5716820 ,127.0130980 ,2018-02-09
서울특별시 종로구청,서울특별시 종로구 종로53길 21-4,서울특별시 종로구 창신동 197-15,생활방범,2,200,360도전방면,30,2013-12,02-2148-4301,37.5733884 ,127.0134990 ,2018-02-09
서울특별시 종로구청,서울특별시 종로구 종로53길 22-4,서울특별시 종로구 창신동 197-27,생활방범,3,200,360도전방면,30,2015-12,02-2148-4301,37.5734960 ,127.0139260 ,2018-02-09
서울특별시 종로구청,서울특별시 종로구 종로54길 19,서울특별시 종로구 창신동 330-46,교통단속,1,200,360도전방면,30,2015-08,02-2148-4301,37.5714870 ,127.0141300 ,2018-02-09
서울특별시 종로구청,서울특별시 종로구 종로56길 36,서울특별시 종로구 숭인동 317-37,생활방범,3,200,360도전방면,30,2016-12,02-2148-4301,37.5716340 ,127.0166260 ,2018-02-09
서울특별시 종로구청,서울특별시 종로구 종로57길 22,서울특별시 종로구 숭인동 72-47,생활방범,3,200,360도전방면,30,2014-12,02-2148-4301,37.5741980 ,127.0165690 ,2018-02-09
서울특별시 종로구청,서울특별시 종로구 종로57길 5-4,서울특별시 종로구 숭인동 100-1,생활방범,1,200,카메라 전면(고정),30,2015-12,02-2148-4301,37.5735570 ,127.0166910 ,2018-02-09
서울특별시 종로구청,서울특별시 종로구 종로57길 8-13,서울특별시 종로구 숭인동 133-3,생활방범,2,200,360도전방면,30,2013-12,02-2148-4301,37.5738075 ,127.0174841 ,2018-02-09
서울특별시 종로구청,서울특별시 종로구 종로58길 27,서울특별시 종로구 숭인동 238-2,생활방범,3,200,360도전방면,30,2013-12,02-2148-4301,37.5723581 ,127.0182618 ,2018-02-09
서울특별시 종로구청,서울특별시 종로구 종로58길 30,서울특별시 종로구 숭인동 242-1,생활방범,2,200,360도전방면,30,2011-04,02-2148-4301,37.5718063 ,127.0183927 ,2018-02-09
서울특별시 종로구청,서울특별시 종로구 종로58길 30,서울특별시 종로구 숭인동 242-1,생활방범,1,41,카메라 전면(고정),30,2011-04,02-2148-4301,37.5718063 ,127.0183927 ,2018-02-09
서울특별시 종로구청,서울특별시 종로구 종로58길 40,서울특별시 종로구 숭인동 241-1,생활방범,2,200,360도전방면,30,2013-12,02-2148-4301,37.5715390 ,127.0185300 ,2018-02-09
서울특별시 종로구청,서울특별시 종로구 종로62길 10,서울특별시 종로구 숭인동 227-7,생활방범,1,200,360도전방면,30,2013-02,02-2148-4301,37.5733820 ,127.0191250 ,2018-02-09
서울특별시 종로구청,서울특별시 종로구 종로62길 10,서울특별시 종로구 숭인동 227-7,생활방범,2,130,카메라 전면(고정),30,2013-02,02-2148-4301,37.5733820 ,127.0191250 ,2018-02-09
서울특별시 종로구청,서울특별시 종로구 종로63가길 17,서울특별시 종로구 숭인동 72-168,생활방범,1,200,카메라 전면(고정),30,2015-12,02-2148-4301,37.5749160 ,127.0191300 ,2018-02-09
서울특별시 종로구청,서울특별시 종로구 종로63가길 22,서울특별시 종로구 숭인동 178-178,생활방범,2,200,360도전방면,30,2015-12,02-2148-4301,37.5752060 ,127.0191110 ,2018-02-09
서울특별시 종로구청,서울특별시 종로구 종로63가길 46,서울특별시 종로구 숭인동 179-46,생활방범,2,200,360도전방면,30,2013-12,02-2148-4301,37.5760730 ,127.0188520 ,2018-02-09
서울특별시 종로구청,서울특별시 종로구 종로63가길 79,서울특별시 종로구 숭인동 181-145,생활방범,2,200,360도전방면,30,2015-12,02-2148-4301,37.5773120 ,127.0186720 ,2018-02-09
서울특별시 종로구청,서울특별시 종로구 종로63가길 79,서울특별시 종로구 숭인동 181-145,생활방범,1,200,카메라 전면(고정),30,2015-12,02-2148-4301,37.5773100 ,127.0187300 ,2018-02-09
서울특별시 종로구청,서울특별시 종로구 종로63길 15,서울특별시 종로구 숭인동 72-190,생활방범,3,200,360도전방면,30,2013-12,02-2148-4301,37.5747225 ,127.0185147 ,2018-02-09
서울특별시 종로구청,서울특별시 종로구 종로63길 19,서울특별시 종로구 숭인동 72-161,생활방범,1,200,카메라 전면(고정),30,2016-05,02-2148-4301,37.5749870 ,127.0184620 ,2018-02-09
서울특별시 종로구청,서울특별시 종로구 종로63길 5,서울특별시 종로구 숭인동 72-11,생활방범,4,200,360도전방면,30,2015-12,02-2148-4301,37.5743760 ,127.0186320 ,2018-02-09
서울특별시 종로구청,서울특별시 종로구 종로63다길 20,서울특별시 종로구 숭인동 72-24,생활방범,3,200,360도전방면,30,2015-12,02-2148-4301,37.5740540 ,127.0176780 ,2018-02-09
서울특별시 종로구청,서울특별시 종로구 종로65길 10(한빛어린이집),서울특별시 종로구 숭인동 178-167,다목적,1,200,360도전방면,30,2016-06,02-2148-4301,37.5749750 ,127.0198380 ,2018-02-09
서울특별시 종로구청,서울특별시 종로구 종로65길 20-14,서울특별시 종로구 숭인동 178-64,생활방범,1,130,360도전방면,30,2012-02,02-2148-4301,37.5757130 ,127.0207100 ,2018-02-09
서울특별시 종로구청,서울특별시 종로구 종로65길 20-14,서울특별시 종로구 숭인동 178-64,생활방범,3,200,카메라 전면(고정),30,2012-02,02-2148-4301,37.5757130 ,127.0207100 ,2018-02-09
서울특별시 종로구청,서울특별시 종로구 종로65길 26,서울특별시 종로구 숭인동 178-61,생활방범,3,200,360도전방면,30,2013-12,02-2148-4301,37.5757189 ,127.0199490 ,2018-02-09
서울특별시 종로구청,서울특별시 종로구 종로65길 9-17,서울특별시 종로구 숭인동 178-83,생활방범,3,200,360도전방면,30,2016-12,02-2148-4301,37.5756280 ,127.0195560 ,2018-02-09
서울특별시 종로구청,서울특별시 종로구 종로67길 41,서울특별시 종로구 숭인동 181-127,생활방범,1,130,360도전방면,30,2012-02,02-2148-4301,37.5766850 ,127.0202500 ,2018-02-09
서울특별시 종로구청,서울특별시 종로구 종로67길 41,서울특별시 종로구 숭인동 181-127,생활방범,2,200,카메라 전면(고정),30,2012-02,02-2148-4301,37.5766850 ,127.0202500 ,2018-02-09
서울특별시 종로구청,서울특별시 종로구 지봉로 100-16,서울특별시 종로구 숭인동 11-2,생활방범,3,200,360도전방면,30,2015-12,02-2148-4301,37.5793560 ,127.0157450 ,2018-02-09
서울특별시 종로구청,서울특별시 종로구 지봉로 107,서울특별시 종로구 창신동 20-15,생활방범,2,200,360도전방면,30,2013-12,02-2148-4301,37.5796752 ,127.0150886 ,2018-02-09
서울특별시 종로구청,서울특별시 종로구 지봉로 20,서울특별시 종로구 숭인동 316-1,교통단속,1,200,360도전방면,30,2007-12,02-2148-4301,37.5718941 ,127.0158638 ,2018-02-09
서울특별시 종로구청,서울특별시 종로구 지봉로 70,서울특별시 종로구 숭인동 61-66,교통단속,1,200,360도전방면,30,2007-12,02-2148-4301,37.5762400 ,127.0156670 ,2018-02-09
서울특별시 종로구청,서울특별시 종로구 지봉로 85-64,서울특별시 종로구 창신동 23-87,생활방범,1,200,360도전방면,30,2013-02,02-2148-4301,37.5774038 ,127.0147411 ,2018-02-09
서울특별시 종로구청,서울특별시 종로구 지봉로 85-64,서울특별시 종로구 창신동 23-87,생활방범,2,130,카메라 전면(고정),30,2013-02,02-2148-4301,37.5774038 ,127.0147411 ,2018-02-09
서울특별시 종로구청,서울특별시 종로구 지봉로 9,서울특별시 종로구 창신동 393-18,교통단속,1,200,360도전방면,30,2007-12,02-2148-4301,37.5708400 ,127.0157040 ,2018-02-09
서울특별시 종로구청,서울특별시 종로구 지봉로11길 13,서울특별시 종로구 창신동 128-23,생활방범,3,200,360도전방면,30,2013-12,02-2148-4301,37.5767780 ,127.0146040 ,2018-02-09
서울특별시 종로구청,서울특별시 종로구 지봉로11길 30,서울특별시 종로구 창신동 23-256,생활방범,2,200,360도전방면,30,2013-12,02-2148-4301,37.5769150 ,127.0138340 ,2018-02-09
서울특별시 종로구청,서울특별시 종로구 지봉로12가길 54,서울특별시 종로구 숭인동 70-12,생활방범,3,200,360도전방면,30,2015-12,02-2148-4301,37.5748950 ,127.0168350 ,2018-02-09
서울특별시 종로구청,서울특별시 종로구 지봉로12가길 9,서울특별시 종로구 숭인동 59,생활방범,3,200,360도전방면,30,2013-12,02-2148-4301,37.5766865 ,127.0167915 ,2018-02-09
서울특별시 종로구청,서울특별시 종로구 지봉로12길 31,서울특별시 종로구 숭인동 57-8,생활방범,2,200,360도전방면,30,2013-12,02-2148-4301,37.5776300 ,127.0165280 ,2018-02-09
서울특별시 종로구청,서울특별시 종로구 지봉로12길 55,서울특별시 종로구 숭인동 56-28,생활방범,3,200,360도전방면,30,2013-12,02-2148-4301,37.5786497 ,127.0162290 ,2018-02-09
서울특별시 종로구청,서울특별시 종로구 지봉로12길 9,서울특별시 종로구 숭인동 56-78,생활방범,3,200,360도전방면,30,2016-12,02-2148-4301,37.5770740 ,127.0162040 ,2018-02-09
서울특별시 종로구청,서울특별시 종로구 지봉로13가길 35,서울특별시 종로구 창신동 23-694,생활방범,3,200,360도전방면,30,2014-12,02-2148-4301,37.5774120 ,127.0132210 ,2018-02-09
서울특별시 종로구청,서울특별시 종로구 지봉로13가길 69,서울특별시 종로구 창신동 23-739,생활방범,2,200,360도전방면,30,2013-12,02-2148-4301,37.5760031 ,127.0127913 ,2018-02-09
서울특별시 종로구청,서울특별시 종로구 지봉로13길 14,서울특별시 종로구 창신동 6-25,생활방범,2,200,360도전방면,30,2011-04,02-2148-4301,37.5787750 ,127.0148000 ,2018-02-09
서울특별시 종로구청,서울특별시 종로구 지봉로13길 14,서울특별시 종로구 창신동 6-25,생활방범,1,41,카메라 전면(고정),30,2011-04,02-2148-4301,37.5787750 ,127.0148000 ,2018-02-09
서울특별시 종로구청,서울특별시 종로구 지봉로13길 62,서울특별시 종로구 창신동 23-362 (창신어린이공원),생활방범,1,200,360도전방면,30,2016-07,02-2148-4301,37.5779110 ,127.0130970 ,2018-02-09
서울특별시 종로구청,서울특별시 종로구 지봉로13길 82,서울특별시 종로구 창신동 23-344,생활방범,2,200,360도전방면,30,2013-12,02-2148-4301,37.5770661 ,127.0123782 ,2018-02-09
서울특별시 종로구청,서울특별시 종로구 지봉로14길 37,서울특별시 종로구 숭인동 49-1,생활방범,3,200,360도전방면,30,2013-12,02-2148-4301,37.5791500 ,127.0164770 ,2018-02-09
서울특별시 종로구청,서울특별시 종로구 지봉로14길 6,서울특별시 종로구 숭인동 53-24,생활방범,1,200,360도전방면,30,2013-02,02-2148-4301,37.5780899 ,127.0157752 ,2018-02-09
서울특별시 종로구청,서울특별시 종로구 지봉로14길 6,서울특별시 종로구 숭인동 53-24,생활방범,2,130,카메라 전면(고정),30,2013-02,02-2148-4301,37.5780899 ,127.0157752 ,2018-02-09
서울특별시 종로구청,서울특별시 종로구 지봉로17길 47,서울특별시 종로구 창신동 13-20,생활방범,2,200,360도전방면,30,2013-12,02-2148-4301,37.5799290 ,127.0129890 ,2018-02-09
서울특별시 종로구청,서울특별시 종로구 지봉로2길 1,서울특별시 종로구 창신동 401-6,생활방범,2,200,360도전방면,30,2013-12,02-2148-4301,37.5703430 ,127.0161780 ,2018-02-09
서울특별시 종로구청,서울특별시 종로구 지봉로5길 24-2,서울특별시 종로구 창신동 82-1,생활방범,2,200,360도전방면,30,2013-12,02-2148-4301,37.5749440 ,127.0147320 ,2018-02-09
서울특별시 종로구청,서울특별시 종로구 지봉로5길 4,서울특별시 종로구 창신동 81-2,교통단속,1,200,360도전방면,30,2010-07,02-2148-4301,37.5743300 ,127.0155550 ,2018-02-09
서울특별시 종로구청,서울특별시 종로구 지봉로5길 43,서울특별시 종로구 창신동 114-2,생활방범,2,200,360도전방면,30,2015-12,02-2148-4301,37.5756340 ,127.0139830 ,2018-02-09
서울특별시 종로구청,서울특별시 종로구 지봉로5길 5,서울특별시 종로구 창신동 237,다목적,3,200,360도전방면,30,2015-12,02-2148-4301,37.5742410 ,127.0151420 ,2018-02-09
서울특별시 종로구청,서울특별시 종로구 지봉로5길 7-5,서울특별시 종로구 창신동 222-8,생활방범,3,200,카메라 전면(고정),30,2015-12,02-2148-4301,37.5736140 ,127.0144150 ,2018-02-09
서울특별시 종로구청,서울특별시 종로구 지봉로7길 23,서울특별시 종로구 창신동 67,생활방범,3,200,360도전방면,30,2015-12,02-2148-4301,37.5754300 ,127.0152250 ,2018-02-09
서울특별시 종로구청,서울특별시 종로구 지봉로8길 18-1,서울특별시 종로구 숭인동 67-1,생활방범,2,200,360도전방면,30,2013-12,02-2148-4301,37.5755250 ,127.0166250 ,2018-02-09
서울특별시 종로구청,서울특별시 종로구 지붕로 97,,다목적,1,200,360도전방면,30,2014-10,02-2148-4301,37.5784080 ,127.0147200 ,2018-02-09
서울특별시 종로구청,서울특별시 종로구 진흥로 439,서울특별시 종로구 구기동 85-9,교통단속,1,200,360도전방면,30,2008-03,02-2148-4301,37.6079930 ,126.9576110 ,2018-02-09
서울특별시 종로구청,서울특별시 종로구 진흥로 445,서울특별시 종로구 구기동 88-40,생활방범,2,200,360도전방면,30,2013-12,02-2148-4301,37.6077170 ,126.9580000 ,2018-02-09
서울특별시 종로구청,서울특별시 종로구 진흥로 487,서울특별시 종로구 신영동 16,교통단속,1,41,360도전방면,30,2005-04,02-2148-4301,37.6048900 ,126.9611350 ,2018-02-09
서울특별시 종로구청,서울특별시 종로구 진흥로22길 47,서울특별시 종로구 구기동 50-5,생활방범,3,200,360도전방면,30,2016-12,02-2148-4301,37.6059960 ,126.9566370 ,2018-02-09
서울특별시 종로구청,서울특별시 종로구 진흥로22나길 19,서울특별시 종로구 구기동 100-49,생활방범,3,200,360도전방면,30,2013-12,02-2148-4301,37.6068093 ,126.9572184 ,2018-02-09
서울특별시 종로구청,서울특별시 종로구 진흥로22나길 56,서울특별시 종로구 구기동 260-14,생활방범,2,200,360도전방면,30,2013-12,02-2148-4301,37.6067090 ,126.9552330 ,2018-02-09
서울특별시 종로구청,서울특별시 종로구 창경궁로 109,서울특별시 종로구 인의동 112-2,생활방범,3,200,360도전방면,30,2013-12,02-2148-4301,37.5712971 ,126.9976240 ,2018-02-09
서울특별시 종로구청,서울특별시 종로구 창경궁로 237,서울특별시 종로구 명륜2가 231,교통단속,1,200,360도전방면,30,2012-07,02-2148-4301,37.5830660 ,126.9986120 ,2018-02-09
서울특별시 종로구청,서울특별시 종로구 창경궁로 288,,다목적,1,200,360도전방면,30,2014-10,02-2148-4301,37.5862620 ,127.0020230 ,2018-02-09
서울특별시 종로구청,서울특별시 종로구 창경궁로11길 3,서울특별시 종로구 예지동 165-2,교통단속,1,200,360도전방면,30,2007-12,02-2148-4301,37.5697235 ,126.9977834 ,2018-02-09
서울특별시 종로구청,서울특별시 종로구 창경궁로16길 26,서울특별시 종로구 연지동 110-1,생활방범,3,200,360도전방면,30,2014-12,02-2148-4301,37.5743723 ,126.9990035 ,2018-02-09
서울특별시 종로구청,서울특별시 종로구 창경궁로21길 9,서울특별시 종로구 원남동 244-7,생활방범,3,200,360도전방면,30,2015-12,02-2148-4301,37.5750960 ,126.9968540 ,2018-02-09
서울특별시 종로구청,서울특별시 종로구 창경궁로26길 28,서울특별시 종로구 명륜4가 206-24,생활방범,3,200,360도전방면,30,2015-12,02-2148-4301,37.5818040 ,126.9991720 ,2018-02-09
서울특별시 종로구청,서울특별시 종로구 창경궁로31길 22,서울특별시 종로구 명륜2가 159-3,생활방범,1,200,카메라 전면(고정),30,2015-12,02-2148-4301,37.5842740 ,126.9986030 ,2018-02-09
서울특별시 종로구청,서울특별시 종로구 창경궁로31길 24,서울특별시 종로구 명륜2가 159-2,생활방범,2,200,360도전방면,30,2015-12,02-2148-4301,37.5842190 ,126.9985010 ,2018-02-09
서울특별시 종로구청,서울특별시 종로구 창경궁로35가길 22,서울특별시 종로구 혜화동 71-20,생활방범,4,200,360도전방면,30,2013-12,02-2148-4301,37.5874325 ,127.0007155 ,2018-02-09
서울특별시 종로구청,서울특별시 종로구 창경궁로35길 19,서울특별시 종로구 혜화동 53-11,생활방범,2,200,360도전방면,30,2013-12,02-2148-4301,37.5867880 ,127.0018559 ,2018-02-09
서울특별시 종로구청,서울특별시 종로구 창경궁로35길 55,서울특별시 종로구 혜화동 26-39,생활방범,2,200,360도전방면,30,2013-12,02-2148-4301,37.5882310 ,127.0024710 ,2018-02-09
서울특별시 종로구청,서울특별시 종로구 창덕궁1가길 26,서울특별시 종로구 원서동 135-108,생활방범,2,200,360도전방면,30,2013-12,02-2148-4301,37.5803635 ,126.9884401 ,2018-02-09
서울특별시 종로구청,서울특별시 종로구 창덕궁3길 33,서울특별시 종로구 원서동 76-47,생활방범,3,200,360도전방면,30,2013-12,02-2148-4301,37.5824463 ,126.9884267 ,2018-02-09
서울특별시 종로구청,서울특별시 종로구 창덕궁3길 7,서울특별시 종로구 원서동 135-20,생활방범,3,200,360도전방면,30,2013-12,02-2148-4301,37.5813700 ,126.9887760 ,2018-02-09
서울특별시 종로구청,서울특별시 종로구 창덕궁3나길 5,서울특별시 종로구 원서동 135-59,생활방범,1,200,카메라 전면(고정),30,2016-12,02-2148-4301,37.5815070 ,126.9885090 ,2018-02-09
서울특별시 종로구청,서울특별시 종로구 창덕궁4길 12,서울특별시 종로구 원서동 86-22,생활방범,3,200,360도전방면,30,2016-12,02-2148-4301,37.5818890 ,126.9890100 ,2018-02-09
서울특별시 종로구청,서울특별시 종로구 창덕궁4길 3,서울특별시 종로구 원서동 86-16,생활방범,1,130,360도전방면,30,2012-02,02-2148-4301,37.5816256 ,126.9891318 ,2018-02-09
서울특별시 종로구청,서울특별시 종로구 창덕궁4길 3,서울특별시 종로구 원서동 86-16,생활방범,2,200,카메라 전면(고정),30,2012-02,02-2148-4301,37.5816256 ,126.9891318 ,2018-02-09
서울특별시 종로구청,서울특별시 종로구 창덕궁4길 40,서울특별시 종로구 원서동 76-42,생활방범,3,200,360도전방면,30,2015-12,02-2148-4301,37.5825320 ,126.9881690 ,2018-02-09
서울특별시 종로구청,서울특별시 종로구 창덕궁길 118,서울특별시 종로구 원서동 46,생활방범,2,200,360도전방면,30,2013-12,02-2148-4301,37.5825872 ,126.9893204 ,2018-02-09
서울특별시 종로구청,서울특별시 종로구 창덕궁길 146-1,서울특별시 종로구 원서동 4-11,생활방범,2,200,360도전방면,30,2013-12,02-2148-4301,37.5830810 ,126.9877890 ,2018-02-09
서울특별시 종로구청,서울특별시 종로구 창덕궁길 49,서울특별시 종로구 원서동 129-5,생활방범,2,200,360도전방면,30,2013-12,02-2148-4301,37.5796169 ,126.9892684 ,2018-02-09
서울특별시 종로구청,서울특별시 종로구 창신11길 26,서울특별시 종로구 창신동 23-557,생활방범,3,200,360도전방면,30,2015-12,02-2148-4301,37.5785910 ,127.0102970 ,2018-02-09
서울특별시 종로구청,서울특별시 종로구 창신11길 61,서울특별시 종로구 창신동 23-470,생활방범,3,200,360도전방면,30,2015-12,02-2148-4301,37.5772740 ,127.0115640 ,2018-02-09
서울특별시 종로구청,서울특별시 종로구 창신4가길 18,서울특별시 종로구 창신동 647-9,생활방범,3,200,360도전방면,30,2015-12,02-2148-4301,37.5743900 ,127.0102990 ,2018-02-09
서울특별시 종로구청,서울특별시 종로구 창신5길 37,서울특별시 종로구 창신동 135-1,생활방범,3,200,360도전방면,30,2013-12,02-2148-4301,37.5742590 ,127.0124200 ,2018-02-09
서울특별시 종로구청,서울특별시 종로구 창신5길 77(창신두산아파트 뒷길),,다목적,1,200,360도전방면,30,2015-08,02-2148-4301,37.5746830 ,127.0137930 ,2018-02-09
서울특별시 종로구청,서울특별시 종로구 창신5라길 23-2,서울특별시 종로구 창신동 138-85,생활방범,4,200,360도전방면,30,2014-12,02-2148-4301,37.5741580 ,127.0130570 ,2018-02-09
서울특별시 종로구청,서울특별시 종로구 창신6가길 36,서울특별시 종로구 창신동 130-40,생활방범,2,200,360도전방면,30,2011-04,02-2148-4301,37.5754580 ,127.0126680 ,2018-02-09
서울특별시 종로구청,서울특별시 종로구 창신6가길 36,서울특별시 종로구 창신동 130-40,생활방범,1,41,카메라 전면(고정),30,2011-04,02-2148-4301,37.5754580 ,127.0126680 ,2018-02-09
서울특별시 종로구청,서울특별시 종로구 창신6길 52,서울특별시 종로구 창신동 595-73,생활방범,3,200,360도전방면,30,2016-12,02-2148-4301,37.5764980 ,127.0115120 ,2018-02-09
서울특별시 종로구청,서울특별시 종로구 창신8길 3,서울특별시 종로구 창신동 596-12,생활방범,4,200,360도전방면,30,2014-12,02-2148-4301,37.5767610 ,127.0102030 ,2018-02-09
서울특별시 종로구청,서울특별시 종로구 창신8길 42-2,서울특별시 종로구 창신동 23-619,생활방범,3,200,360도전방면,30,2013-12,02-2148-4301,37.5776180 ,127.0109198 ,2018-02-09
서울특별시 종로구청,서울특별시 종로구 창신길 12,서울특별시 종로구 창신동 56,생활방범,1,200,360도전방면,30,2013-02,02-2148-4301,37.5722637 ,127.0107339 ,2018-02-09
서울특별시 종로구청,서울특별시 종로구 창신길 12,서울특별시 종로구 창신동 56,생활방범,1,130,카메라 전면(고정),30,2013-02,02-2148-4301,37.5722637 ,127.0107339 ,2018-02-09
서울특별시 종로구청,서울특별시 종로구 창신길 156,서울특별시 종로구 창신동 609-4,생활방범,3,200,카메라 전면(고정),30,2011-12,02-2148-4301,37.5780949 ,127.0091405 ,2018-02-09
서울특별시 종로구청,서울특별시 종로구 창신길 156,서울특별시 종로구 창신동 609-4,생활방범,1,130,360도전방면,30,2011-12,02-2148-4301,37.5780949 ,127.0091405 ,2018-02-09
서울특별시 종로구청,서울특별시 종로구 창신길 191-27,서울특별시 종로구 창신동 615-124,생활방범,3,200,360도전방면,30,2016-12,02-2148-4301,37.5793520 ,127.0087390 ,2018-02-09
서울특별시 종로구청,서울특별시 종로구 창신길 210-11 (낙산상상어린이공원),,생활방범,1,200,360도전방면,30,2014-08,02-2148-4301,37.5795100 ,127.0103300 ,2018-02-09
서울특별시 종로구청,서울특별시 종로구 창신길 39-10,서울특별시 종로구 창신동 651-6,생활방범,2,200,360도전방면,30,2013-12,02-2148-4301,37.5736410 ,127.0100680 ,2018-02-09
서울특별시 종로구청,서울특별시 종로구 창신길 97,서울특별시 종로구 창신동 633-24,생활방범,2,200,360도전방면,30,2013-12,02-2148-4301,37.5759560 ,127.0103930 ,2018-02-09
서울특별시 종로구청,서울특별시 종로구 창의문로 119 (인왕산도시자연공원 윤동주문학관 위),서울특별시 종로구 청운동 3-148 (인왕산공원 윤동주문학관 앞),생활방범,1,200,360도전방면,30,2013-12,02-2148-4301,37.5921230 ,126.9673740 ,2018-02-09
서울특별시 종로구청,서울특별시 종로구 창의문로 119 (인왕산도시자연공원 윤동주문학관 위),,생활방범,1,200,360도전방면,30,2015-06,02-2148-4301,37.5918740 ,126.9667380 ,2018-02-09
서울특별시 종로구청,서울특별시 종로구 창의문로 143-10,서울특별시 종로구 부암동 265-5,생활방범,3,200,360도전방면,30,2017-09,02-2148-4301,37.5921840 ,126.9643620 ,2018-02-09
서울특별시 종로구청,서울특별시 종로구 창의문로 145,서울특별시 종로구 부암동 265-21,생활방범,3,200,360도전방면,30,2013-12,02-2148-4301,37.5927860 ,126.9640650 ,2018-02-09
서울특별시 종로구청,서울특별시 종로구 창의문로 149,서울특별시 종로구 부암동 278-5,교통단속,1,200,360도전방면,30,2014-09,02-2148-4301,37.5931340 ,126.9637970 ,2018-02-09
서울특별시 종로구청,서울특별시 종로구 창의문로 51,서울특별시 종로구 청운동 89-143,교통단속,1,200,360도전방면,30,2013-12,02-2148-4301,37.5884860 ,126.9722150 ,2018-02-09
서울특별시 종로구청,서울특별시 종로구 창의문로11길 20,서울특별시 종로구 부암동 370-1,생활방범,3,200,360도전방면,30,2015-12,02-2148-4301,37.5936370 ,126.9616410 ,2018-02-09
서울특별시 종로구청,서울특별시 종로구 창의문로3길 8,서울특별시 종로구 부암동 253,생활방범,3,200,360도전방면,30,2017-09,02-2148-4301,37.5922780 ,126.9656790 ,2018-02-09
서울특별시 종로구청,서울특별시 종로구 창의문로5가길 1,서울특별시 종로구 부암동 329-24,교통단속,1,200,360도전방면,30,2014-08,02-2148-4301,37.5916510 ,126.9636410 ,2018-02-09
서울특별시 종로구청,서울특별시 종로구 창의문로5가길 18,서울특별시 종로구 부암동 323,생활방범,3,200,360도전방면,30,2015-12,02-2148-4301,37.5904360 ,126.9625510 ,2018-02-09
서울특별시 종로구청,서울특별시 종로구 창의문로5길 59,서울특별시 종로구 부암동 338-29,생활방범,3,200,360도전방면,30,2013-12,02-2148-4301,37.5896975 ,126.9639306 ,2018-02-09
서울특별시 종로구청,서울특별시 종로구 창의문로5나길 11,서울특별시 종로구 부암동 332-13,생활방범,3,200,360도전방면,30,2017-09,02-2148-4301,37.5915270 ,126.9646370 ,2018-02-09
서울특별시 종로구청,서울특별시 종로구 창의문로5나길 2,서울특별시 종로구 부암동 329-21,생활방범,3,200,360도전방면,30,2016-12,02-2148-4301,37.5909620 ,126.9639600 ,2018-02-09
서울특별시 종로구청,서울특별시 종로구 창의문로5다길 22-2,서울특별시 종로구 부암동 342-6,생활방범,3,200,360도전방면,30,2014-12,02-2148-4301,37.5888300 ,126.9627860 ,2018-02-09
서울특별시 종로구청,서울특별시 종로구 창의문로9가길 1,서울특별시 종로구 부암동 382-14,생활방범,1,130,360도전방면,30,2011-12,02-2148-4301,37.5923250 ,126.9613030 ,2018-02-09
서울특별시 종로구청,서울특별시 종로구 창의문로9가길 1,서울특별시 종로구 부암동 382-14,생활방범,2,200,카메라 전면(고정),30,2011-12,02-2148-4301,37.5923250 ,126.9613030 ,2018-02-09
서울특별시 종로구청,서울특별시 종로구 청계천로 1,서울특별시 종로구 서린동 159-1,생활방범,2,200,360도전방면,30,2013-12,02-2148-4301,37.5695500 ,126.9773639 ,2018-02-09
서울특별시 종로구청,서울특별시 종로구 청계천로 1,서울특별시 종로구 서린동 159-1,생활방범,2,200,360도전방면,30,2013-12,02-2148-4301,37.5692685 ,126.9775683 ,2018-02-09
서울특별시 종로구청,서울특별시 종로구 청계천로 149-1,서울특별시 종로구 장사동 204-1,생활방범,2,200,360도전방면,30,2013-12,02-2148-4301,37.5687020 ,126.9944140 ,2018-02-09
서울특별시 종로구청,서울특별시 종로구 청계천로 159,서울특별시 종로구 장사동 116-4,생활방범,2,200,360도전방면,30,2013-12,02-2148-4301,37.5687660 ,126.9954110 ,2018-02-09
서울특별시 종로구청,서울특별시 종로구 청계천로 291,서울특별시 종로구 창신동 436-79,생활방범,3,200,360도전방면,30,2016-12,02-2148-4301,37.5700810 ,127.0099770 ,2018-02-09
서울특별시 종로구청,서울특별시 종로구 청계천로 341,서울특별시 종로구 창신동 436-73,생활방범,1,130,360도전방면,30,2011-12,02-2148-4301,37.5700898 ,127.0156286 ,2018-02-09
서울특별시 종로구청,서울특별시 종로구 청계천로 341,서울특별시 종로구 창신동 436-73,생활방범,2,200,카메라 전면(고정),30,2011-12,02-2148-4301,37.5700898 ,127.0156286 ,2018-02-09
서울특별시 종로구청,서울특별시 종로구 청계천로 73,서울특별시 종로구 관철동 11-14,생활방범,3,200,360도전방면,30,2013-12,02-2148-4301,37.5685594 ,126.9857999 ,2018-02-09
서울특별시 종로구청,서울특별시 종로구 충신4나길 5,서울특별시 종로구 충신동 1-314,생활방범,2,200,360도전방면,30,2013-12,02-2148-4301,37.5760480 ,127.0078450 ,2018-02-09
서울특별시 종로구청,서울특별시 종로구 충신길 3,서울특별시 종로구 종로6가 201-3,생활방범,1,200,360도전방면,30,2013-02,02-2148-4301,37.5734070 ,127.0076290 ,2018-02-09
서울특별시 종로구청,서울특별시 종로구 충신길 3,서울특별시 종로구 종로6가 201-3,생활방범,1,130,카메라 전면(고정),30,2013-02,02-2148-4301,37.5734070 ,127.0076290 ,2018-02-09
서울특별시 종로구청,서울특별시 종로구 충신길 31,서울특별시 종로구 종로6가 1-76,생활방범,2,200,360도전방면,30,2013-12,02-2148-4301,37.5742100 ,127.0079200 ,2018-02-09
서울특별시 종로구청,서울특별시 종로구 충신길 53,서울특별시 종로구 충신동 25-14,생활방범,3,200,360도전방면,30,2017-09,02-2148-4301,37.5751790 ,127.0073600 ,2018-02-09
서울특별시 종로구청,서울특별시 종로구 충신길 76-9,서울특별시 종로구 충신동 1-365,생활방범,2,200,360도전방면,30,2013-12,02-2148-4301,37.5761090 ,127.0074980 ,2018-02-09
서울특별시 종로구청,서울특별시 종로구 충신길 78,서울특별시 종로구 충신동 1-71,생활방범,1,130,360도전방면,30,2012-02,02-2148-4301,37.5761316 ,127.0070329 ,2018-02-09
서울특별시 종로구청,서울특별시 종로구 충신길 78,서울특별시 종로구 충신동 1-71,생활방범,2,200,카메라 전면(고정),30,2012-02,02-2148-4301,37.5761316 ,127.0070329 ,2018-02-09
서울특별시 종로구청,서울특별시 종로구 통일로 246-2,서울특별시 종로구 무악동 45-47,생활방범,2,200,360도전방면,30,2013-12,02-2148-4301,37.5744338 ,126.9582443 ,2018-02-09
서울특별시 종로구청,서울특별시 종로구 통일로 266,서울특별시 종로구 무악동 63-9,생활방범,3,200,360도전방면,30,2014-12,02-2148-4301,37.5760940 ,126.9567990 ,2018-02-09
서울특별시 종로구청,서울특별시 종로구 통일로12길 16-20,서울특별시 종로구 행촌동 206-14,생활방범,2,200,360도전방면,30,2015-12,02-2148-4301,37.5728960 ,126.9610630 ,2018-02-09
서울특별시 종로구청,서울특별시 종로구 통일로12길 23,서울특별시 종로구 무악동 46-82,생활방범,2,200,360도전방면,30,2013-12,02-2148-4301,37.5738050 ,126.9605020 ,2018-02-09
서울특별시 종로구청,서울특별시 종로구 통일로12길 30-23,서울특별시 종로구 행촌동 210-678,생활방범,3,200,360도전방면,30,2017-09,02-2148-4301,37.5738790 ,126.9610710 ,2018-02-09
서울특별시 종로구청,서울특별시 종로구 통일로12길 58-2,서울특별시 종로구 행촌동 210-118,생활방범,4,200,360도전방면,30,2013-12,02-2148-4301,37.5747974 ,126.9618712 ,2018-02-09
서울특별시 종로구청,서울특별시 종로구 통일로12길 92-1,서울특별시 종로구 무악동 46-263,생활방범,3,200,360도전방면,30,2013-12,02-2148-4301,37.5764650 ,126.9619640 ,2018-02-09
서울특별시 종로구청,서울특별시 종로구 통일로14길 19,서울특별시 종로구 무악동 69-3,생활방범,2,200,360도전방면,30,2013-12,02-2148-4301,37.5754922 ,126.9578126 ,2018-02-09
서울특별시 종로구청,서울특별시 종로구 통일로14길 6-5,서울특별시 종로구 무악동 45-20,교통단속,1,200,360도전방면,30,2010-07,02-2148-4301,37.5747205 ,126.9584868 ,2018-02-09
서울특별시 종로구청,서울특별시 종로구 통일로16길 13,서울특별시 종로구 무악동 63-6,생활방범,2,200,360도전방면,30,2013-12,02-2148-4301,37.5764590 ,126.9566380 ,2018-02-09
서울특별시 종로구청,서울특별시 종로구 통일로16길 3,서울특별시 종로구 무악동 67-1,생활방범,4,200,360도전방면,30,2013-12,02-2148-4301,37.5756754 ,126.9572080 ,2018-02-09
서울특별시 종로구청,서울특별시 종로구 통일로18가길 26,서울특별시 종로구 무악동 산3-4 (인왕산도시자연공원 장군바위 주변),생활방범,1,200,360도전방면,30,2013-12,02-2148-4301,37.5800393 ,126.9578077 ,2018-02-09
서울특별시 종로구청,서울특별시 종로구 통일로18가길 26,서울특별시 종로구 무악동 산3-4 (인왕산도시자연공원 용궁 주변),생활방범,1,200,360도전방면,30,2013-12,02-2148-4301,37.5790445 ,126.9592668 ,2018-02-09
서울특별시 종로구청,서울특별시 종로구 통일로18가길 39,서울특별시 종로구 무악동 산 2-24,생활방범,3,200,360도전방면,30,2016-12,02-2148-4301,37.5775490 ,126.9599710 ,2018-02-09
서울특별시 종로구청,서울특별시 종로구 평창10길 5,서울특별시 종로구 평창동 234-9,생활방범,3,200,360도전방면,30,2016-12,02-2148-4301,37.6054370 ,126.9674390 ,2018-02-09
서울특별시 종로구청,서울특별시 종로구 평창11길 20,서울특별시 종로구 평창동 352-4,생활방범,3,200,360도전방면,30,2013-12,02-2148-4301,37.6069940 ,126.9663370 ,2018-02-09
서울특별시 종로구청,서울특별시 종로구 평창12길 8-15,서울특별시 종로구 평창동 166,생활방범,4,200,360도전방면,30,2013-12,02-2148-4301,37.6067505 ,126.9682717 ,2018-02-09
서울특별시 종로구청,서울특별시 종로구 평창14길 35,서울특별시 종로구 평창동 131-8,생활방범,1,130,360도전방면,30,2011-12,02-2148-4301,37.6107946 ,126.9675169 ,2018-02-09
서울특별시 종로구청,서울특별시 종로구 평창14길 35,서울특별시 종로구 평창동 131-8,생활방범,3,200,카메라 전면(고정),30,2011-12,02-2148-4301,37.6107946 ,126.9675169 ,2018-02-09
서울특별시 종로구청,서울특별시 종로구 평창1길 22,서울특별시 종로구 신영동 5-12,생활방범,2,200,360도전방면,30,2013-12,02-2148-4301,37.6051500 ,126.9626900 ,2018-02-09
서울특별시 종로구청,서울특별시 종로구 평창20길 51,서울특별시 종로구 평창동 139-4,생활방범,3,200,360도전방면,30,2013-12,02-2148-4301,37.6112103 ,126.9700960 ,2018-02-09
서울특별시 종로구청,서울특별시 종로구 평창24길 24,서울특별시 종로구 평창동 108-9,생활방범,1,200,360도전방면,30,2013-02,02-2148-4301,37.6090264 ,126.9764028 ,2018-02-09
서울특별시 종로구청,서울특별시 종로구 평창24길 24,서울특별시 종로구 평창동 108-9,생활방범,2,130,카메라 전면(고정),30,2013-02,02-2148-4301,37.6090264 ,126.9764028 ,2018-02-09
서울특별시 종로구청,서울특별시 종로구 평창26길 2,서울특별시 종로구 평창동 99-55,생활방범,1,130,360도전방면,30,2011-12,02-2148-4301,37.6104148 ,126.9742319 ,2018-02-09
서울특별시 종로구청,서울특별시 종로구 평창26길 2,서울특별시 종로구 평창동 99-55,생활방범,2,200,카메라 전면(고정),30,2011-12,02-2148-4301,37.6104148 ,126.9742319 ,2018-02-09
서울특별시 종로구청,서울특별시 종로구 평창30길 31,서울특별시 종로구 평창동 462-2,생활방범,2,200,360도전방면,30,2013-12,02-2148-4301,37.6125140 ,126.9749500 ,2018-02-09
서울특별시 종로구청,서울특별시 종로구 평창3길 13,서울특별시 종로구 평창동 345-32,생활방범,3,200,360도전방면,30,2016-12,02-2148-4301,37.6070780 ,126.9641470 ,2018-02-09
서울특별시 종로구청,서울특별시 종로구 평창4길 21-2,서울특별시 종로구 평창동 562-32,생활방범,3,200,360도전방면,30,2016-12,02-2148-4301,37.6096130 ,126.9632530 ,2018-02-09
서울특별시 종로구청,서울특별시 종로구 평창4길 38,서울특별시 종로구 평창동 564,생활방범,2,200,360도전방면,30,2013-12,02-2148-4301,37.6110740 ,126.9627190 ,2018-02-09
서울특별시 종로구청,서울특별시 종로구 평창6길 18,서울특별시 종로구 평창동 489-1,생활방범,3,200,360도전방면,30,2015-12,02-2148-4301,37.6146640 ,126.9711100 ,2018-02-09
서울특별시 종로구청,서울특별시 종로구 평창7길 29,서울특별시 종로구 평창동 445-2,생활방범,3,200,360도전방면,30,2013-12,02-2148-4301,37.6165528 ,126.9756917 ,2018-02-09
서울특별시 종로구청,서울특별시 종로구 평창8길 12,서울특별시 종로구 평창동 270,생활방범,3,200,360도전방면,30,2014-12,02-2148-4301,37.6041140 ,126.9663370 ,2018-02-09
서울특별시 종로구청,서울특별시 종로구 평창길 180-5,서울특별시 종로구 평창동 523-8,생활방범,2,200,360도전방면,30,2013-12,02-2148-4301,37.6125550 ,126.9682870 ,2018-02-09
서울특별시 종로구청,서울특별시 종로구 평창길 220,서울특별시 종로구 평창동 495-4 (감나무골어린이공원),생활방범,1,200,360도전방면,30,2014-08,02-2148-4301,37.6126380 ,126.9703600 ,2018-02-09
서울특별시 종로구청,서울특별시 종로구 평창길 23,서울특별시 종로구 평창동 296-19,생활방범,3,200,360도전방면,30,2013-12,02-2148-4301,37.6063344 ,126.9635698 ,2018-02-09
서울특별시 종로구청,서울특별시 종로구 평창길 268,서울특별시 종로구 평창동 476-2,생활방범,3,200,360도전방면,30,2013-12,02-2148-4301,37.6147147 ,126.9743480 ,2018-02-09
서울특별시 종로구청,서울특별시 종로구 평창길 311(하나유치원),,다목적,1,200,360도전방면,30,2015-08,02-2148-4301,37.6147660 ,126.9770860 ,2018-02-09
서울특별시 종로구청,서울특별시 종로구 평창길 329,서울특별시 종로구 평창동 437-6,생활방범,3,200,360도전방면,30,2013-12,02-2148-4301,37.6134556 ,126.9781151 ,2018-02-09
서울특별시 종로구청,서울특별시 종로구 평창길 367,서울특별시 종로구 평창동 470 (참샘골어린이공원),생활방범,1,200,360도전방면,30,2014-08,02-2148-4301,37.6148500 ,126.9744350 ,2018-02-09
서울특별시 종로구청,서울특별시 종로구 평창길 38,서울특별시 종로구 평창동 345-63,생활방범,3,200,360도전방면,30,2016-12,02-2148-4301,37.6070830 ,126.9622530 ,2018-02-09
서울특별시 종로구청,서울특별시 종로구 평창길 44,서울특별시 종로구 구기동 17-13,생활방범,3,200,360도전방면,30,2016-12,02-2148-4301,37.6076360 ,126.9615440 ,2018-02-09
서울특별시 종로구청,서울특별시 종로구 평창길 6,서울특별시 종로구 평창동 327-7 (새마을어린이공원),생활방범,1,200,360도전방면,30,2014-08,02-2148-4301,37.6056770 ,126.9650620 ,2018-02-09
서울특별시 종로구청,서울특별시 종로구 평창문화로 52,서울특별시 종로구 평창동 230-3,교통단속,1,200,360도전방면,30,2005-07,02-2148-4301,37.6056122 ,126.9671351 ,2018-02-09
서울특별시 종로구청,서울특별시 종로구 평창문화로 72-21,서울특별시 종로구 평창동 192-1,생활방범,3,200,360도전방면,30,2016-12,02-2148-4301,37.6062760 ,126.9703150 ,2018-02-09
서울특별시 종로구청,서울특별시 종로구 평창문화로 75,서울특별시 종로구 평창동 158-1,교통단속,1,200,360도전방면,30,2017-05,02-2148-4301,37.6064900 ,126.9691030 ,2018-02-09
서울특별시 종로구청,서울특별시 종로구 필운대로 103,,다목적,1,200,360도전방면,30,2014-10,02-2148-4301,37.5840740 ,126.9689010 ,2018-02-09
서울특별시 종로구청,서울특별시 종로구 필운대로 116,서울특별시 종로구 신교동 59,생활방범,2,200,360도전방면,30,2013-12,02-2148-4301,37.5837314 ,126.9701915 ,2018-02-09
서울특별시 종로구청,서울특별시 종로구 필운대로 23,서울특별시 종로구 누하동 251,생활방범,3,200,360도전방면,30,2013-12,02-2148-4301,37.5781263 ,126.9692999 ,2018-02-09
서울특별시 종로구청,서울특별시 종로구 필운대로 33-7,서울특별시 종로구 누하동 179-2,생활방범,3,200,360도전방면,30,2016-12,02-2148-4301,37.5790570 ,126.9683260 ,2018-02-09
서울특별시 종로구청,서울특별시 종로구 필운대로 87-2(서울맹학교),,다목적,1,200,360도전방면,30,2015-08,02-2148-4301,37.5837570 ,126.9673160 ,2018-02-09
서울특별시 종로구청,서울특별시 종로구 필운대로 9-2,,다목적,1,200,360도전방면,30,2015-08,02-2148-4301,37.5771850 ,126.9691990 ,2018-02-09
서울특별시 종로구청,서울특별시 종로구 필운대로10길 16,서울특별시 종로구 신교동 6-13,생활방범,4,200,카메라 전면(고정),30,2011-12,02-2148-4301,37.5836540 ,126.9678920 ,2018-02-09
서울특별시 종로구청,서울특별시 종로구 필운대로13길 17-1,서울특별시 종로구 신교동 2-20,생활방범,2,200,360도전방면,30,2013-12,02-2148-4301,37.5849689 ,126.9666258 ,2018-02-09
서울특별시 종로구청,서울특별시 종로구 필운대로1길 32,서울특별시 종로구 필운동 44,생활방범,2,200,360도전방면,30,2013-12,02-2148-4301,37.5778375 ,126.9676754 ,2018-02-09
서울특별시 종로구청,서울특별시 종로구 필운대로1길 49,서울특별시 종로구 필운동 22,생활방범,3,200,360도전방면,30,2016-12,02-2148-4301,37.5780290 ,126.9667730 ,2018-02-09
서울특별시 종로구청,서울특별시 종로구 필운대로1길 7-6,서울특별시 종로구 필운동 32-2,생활방범,2,200,360도전방면,30,2013-12,02-2148-4301,37.5771619 ,126.9687502 ,2018-02-09
서울특별시 종로구청,서울특별시 종로구 필운대로2길 16,서울특별시 종로구 체부동 104,생활방범,2,200,360도전방면,30,2013-12,02-2148-4301,37.5788121 ,126.9698937 ,2018-02-09
서울특별시 종로구청,서울특별시 종로구 필운대로5나길 26,서울특별시 종로구 누상동 80,생활방범,2,200,360도전방면,30,2011-04,02-2148-4301,37.5800658 ,126.9669432 ,2018-02-09
서울특별시 종로구청,서울특별시 종로구 필운대로5나길 26,서울특별시 종로구 누상동 80,생활방범,1,41,카메라 전면(고정),30,2011-04,02-2148-4301,37.5800658 ,126.9669432 ,2018-02-09
서울특별시 종로구청,서울특별시 종로구 필운대로9가길 33-2,서울특별시 종로구 옥인동 47-451,생활방범,3,200,360도전방면,30,2016-12,02-2148-4301,37.5829940 ,126.9657880 ,2018-02-09
서울특별시 종로구청,서울특별시 종로구 필운대로9길 5,서울특별시 종로구 옥인동 48,생활방범,3,200,360도전방면,30,2013-12,02-2148-4301,37.5822115 ,126.9672626 ,2018-02-09
서울특별시 종로구청,서울특별시 종로구 혜화로 2,서울특별시 종로구 혜화동 108-1,생활방범,4,200,360도전방면,30,2017-09,02-2148-4301,37.5860450 ,127.0008170 ,2018-02-09
서울특별시 종로구청,서울특별시 종로구 혜화로 32,서울특별시 종로구 혜화동 13-1,생활방범,2,200,360도전방면,30,2013-12,02-2148-4301,37.5883280 ,126.9997360 ,2018-02-09
서울특별시 종로구청,서울특별시 종로구 혜화로 50,서울특별시 종로구 혜화동 9-11,교통단속,1,41,360도전방면,30,2011-11,02-2148-4301,37.5898100 ,126.9992880 ,2018-02-09
서울특별시 종로구청,서울특별시 종로구 혜화로 63,서울특별시 종로구 명륜1가 1,교통단속,1,41,360도전방면,30,2005-05,02-2148-4301,37.5919850 ,126.9992530 ,2018-02-09
서울특별시 종로구청,서울특별시 종로구 혜화로10길 15-9,서울특별시 종로구 혜화동 15-118,생활방범,1,130,360도전방면,30,2012-02,02-2148-4301,37.5888080 ,127.0003270 ,2018-02-09
서울특별시 종로구청,서울특별시 종로구 혜화로10길 15-9,서울특별시 종로구 혜화동 15-118,생활방범,2,200,카메라 전면(고정),30,2012-02,02-2148-4301,37.5888080 ,127.0003270 ,2018-02-09
서울특별시 종로구청,서울특별시 종로구 혜화로11길 19,서울특별시 종로구 명륜1가 33-54,생활방범,2,200,360도전방면,30,2013-12,02-2148-4301,37.5888050 ,126.9982710 ,2018-02-09
서울특별시 종로구청,서울특별시 종로구 혜화로12길 14-9,서울특별시 종로구 혜화동 13-10,생활방범,3,200,360도전방면,30,2017-09,02-2148-4301,37.5894440 ,127.0005880 ,2018-02-09
서울특별시 종로구청,서울특별시 종로구 혜화로12길 24,서울특별시 종로구 혜화동 6-20,생활방범,4,200,360도전방면,30,2013-12,02-2148-4301,37.5900394 ,127.0001129 ,2018-02-09
서울특별시 종로구청,서울특별시 종로구 혜화로16길 26,서울특별시 종로구 혜화동 5-49,생활방범,3,200,360도전방면,30,2013-12,02-2148-4301,37.5908410 ,127.0003950 ,2018-02-09
서울특별시 종로구청,서울특별시 종로구 혜화로3가길 11,서울특별시 종로구 명륜1가 57-1,생활방범,1,130,360도전방면,30,2012-02,02-2148-4301,37.5867531 ,126.9986137 ,2018-02-09
서울특별시 종로구청,서울특별시 종로구 혜화로3가길 11,서울특별시 종로구 명륜1가 57-1,생활방범,2,200,카메라 전면(고정),30,2012-02,02-2148-4301,37.5867531 ,126.9986137 ,2018-02-09
서울특별시 종로구청,서울특별시 종로구 혜화로3길 20,서울특별시 종로구 명륜1가 49,생활방범,1,41,360도전방면,30,2005-12,02-2148-4301,37.5863610 ,126.9992030 ,2018-02-09
서울특별시 종로구청,서울특별시 종로구 혜화로3길 55,서울특별시 종로구 명륜2가 64-1,생활방범,1,41,360도전방면,30,2005-12,02-2148-4301,37.5860560 ,126.9975530 ,2018-02-09
서울특별시 종로구청,서울특별시 종로구 혜화로3길 6,서울특별시 종로구 명륜1가 46-7,생활방범,2,200,360도전방면,30,2013-12,02-2148-4301,37.5861850 ,126.9996670 ,2018-02-09
서울특별시 종로구청,서울특별시 종로구 혜화로6길 32,서울특별시 종로구 혜화동 22-24,생활방범,3,200,360도전방면,30,2017-09,02-2148-4301,37.5880870 ,127.0012790 ,2018-02-09
서울특별시 종로구청,서울특별시 종로구 혜화로6길 63,,다목적,1,200,360도전방면,30,2014-10,02-2148-4301,37.5894380 ,127.0014780 ,2018-02-09
서울특별시 종로구청,서울특별시 종로구 혜화로6길 70-1,서울특별시 종로구 혜화동 15-146,생활방범,2,200,360도전방면,30,2013-12,02-2148-4301,37.5896680 ,127.0020820 ,2018-02-09
서울특별시 종로구청,서울특별시 종로구 혜화로8길 4,서울특별시 종로구 혜화동 16-7,생활방범,4,200,360도전방면,30,2015-12,02-2148-4301,37.5878980 ,127.0001400 ,2018-02-09
서울특별시 종로구청,서울특별시 종로구 혜화로9길 24-16,서울특별시 종로구 명륜1가 33-59,생활방범,1,41,360도전방면,30,2005-12,02-2148-4301,37.5883640 ,126.9983590 ,2018-02-09
서울특별시 종로구청,서울특별시 종로구 혜화로9길 24-9 (명륜상상어린이공원),,생활방범,1,200,360도전방면,30,2014-08,02-2148-4301,37.5881570 ,126.9982490 ,2018-02-09
서울특별시 종로구청,서울특별시 종로구 혜화로9길 28,서울특별시 종로구 명륜1가 23,생활방범,1,41,360도전방면,30,2005-12,02-2148-4301,37.5875580 ,126.9982550 ,2018-02-09
서울특별시 종로구청,서울특별시 종로구 혜화로9길 40,서울특별시 종로구 명륜1가 60-1,생활방범,2,200,360도전방면,30,2013-12,02-2148-4301,37.5871536 ,126.9980082 ,2018-02-09
서울특별시 종로구청,서울특별시 종로구 혜화로9길 48,서울특별시 종로구 명륜1가 65-1,생활방범,1,41,360도전방면,30,2005-12,02-2148-4301,37.5867680 ,126.9977700 ,2018-02-09
서울특별시 종로구청,서울특별시 종로구 혜화로9길 6,서울특별시 종로구 명륜1가 33-6,생활방범,1,41,360도전방면,30,2005-12,02-2148-4301,37.5878400 ,126.9993160 ,2018-02-09
서울특별시 종로구청,서울특별시 종로구 홍지문2가길 16,서울특별시 종로구 홍지동 34-15,생활방범,3,200,360도전방면,30,2016-12,02-2148-4301,37.6001080 ,126.9549830 ,2018-02-09
서울특별시 종로구청,서울특별시 종로구 홍지문2길 1,,다목적,1,200,360도전방면,30,2014-10,02-2148-4301,37.6007880 ,126.9568610 ,2018-02-09
서울특별시 종로구청,서울특별시 종로구 홍지문길 28,서울특별시 종로구 홍지동 69-3,생활방범,4,200,360도전방면,30,2015-12,02-2148-4301,37.6019100 ,126.9570490 ,2018-02-09
서울특별시 종로구청,서울특별시 종로구 홍지문길 88,서울특별시 종로구 구기동 55-17,생활방범,1,200,360도전방면,30,2013-02,02-2148-4301,37.6060109 ,126.9576508 ,2018-02-09
서울특별시 종로구청,서울특별시 종로구 홍지문길 88,서울특별시 종로구 구기동 55-17,생활방범,2,130,카메라 전면(고정),30,2013-02,02-2148-4301,37.6060109 ,126.9576508 ,2018-02-09
서울특별시 종로구청,서울특별시 종로구 효자로7길 20,서울특별시 종로구 통의동 28-2,생활방범,2,200,360도전방면,30,2013-12,02-2148-4301,37.5786040 ,126.9731140 ,2018-02-09
